ReviewID,EmployeeID,ReviewDate,PerformanceRating,TrainingHours,ReviewerEmployeeID
1,1,2023-10-31,2.0,0.0,194
2,1,2024-07-13,2.0,,700
3,1,2024-09-23,2.0,9.4,379
4,1,2025-02-24,2.0,0.8,900
5,2,2022-12-25,5.0,12.2,446
6,2,2023-11-09,4.0,12.1,117
7,2,2025-10-03,4.0,11.5,645
8,3,2025-06-03,2.0,0.0,465
9,3,04-Jun-2025,3.0,13.5,604
10,3,2025-06-22,3.0,17.9,927
11,3,2025-07-05,2.0,21.1,519
12,3,2025-07-30,3.0,17.5,952
13,3,2025-11-26,4.0,28.4,232
14,3,2025-11-26,3.0,16.5,282
15,4,27-Oct-2023,4.0,7.3,668
16,4,2023-11-09,3.0,17.4,432
17,4,2024-01-07,3.0,16.7,647
18,4,19/01/2025,4.0,5.2,62
19,4,2025-01-24,4.0,22.4,103
20,4,09-24-2025,4.0,12.7,754
21,5,2024-03-28,2.0,15.7,875
22,5,2024-06-17,1.0,14.8,951
23,5,2024-10-08,1.0,5.6,452
24,5,2025-09-23,1.0,15.8,825
25,6,2025-01-20,2.0,10.9,441
26,6,2025-03-30,3.0,15.0,208
27,6,2025-12-17,2.0,3.7,180
28,7,2025-05-21,2.0,0.3,227
29,7,04-Oct-2025,2.0,5.1,667
30,7,2025-10-08,2.0,11.0,780
31,8,2025-11-08,4.0,19.4,806
32,8,2025-12-26,3.0,22.1,476
33,9,2024-04-19,1.0,27.0,207
34,10,2024-08-30,3.0,12.8,837
35,10,29-Sep-2024,2.0,8.5,958
36,10,2025-04-18,3.0,17.1,845
37,10,2025-10-06,,6.2,560
38,11,14/09/2023,2.0,,815
39,11,22/06/2024,3.0,12.0,190
40,12,2024-01-24,4.0,12.3,24
41,12,2024-05-02,3.0,17.4,920
42,12,2025-06-21,4.0,1.2,920
43,13,2023-07-27,2.0,9.5,138
44,13,2023-08-11,5.0,9.9,321
45,13,2025-04-10,3.0,16.9,588
46,13,2025-05-10,4.0,13.4,203
47,14,2024-12-14,3.0,2.4,86
48,14,2025-05-26,2.0,21.3,546
49,14,2025-07-12,2.0,1.9,234
50,15,13/02/2024,1.0,5.5,47
51,15,2024-12-21,1.0,15.7,190
52,15,2025-10-20,1.0,15.1,149
53,16,2025-01-21,2.0,21.8,977
54,16,2025-04-21,4.0,8.9,765
55,18,2022-10-30,2.0,15.2,721
56,18,2024-04-03,2.0,17.2,530
57,18,2024-11-03,2.0,8.2,740
58,18,2025-06-29,3.0,13.6,268
59,18,2025-07-05,2.0,31.5,891
60,18,2025-09-24,2.0,14.0,140
61,20,2024-12-25,4.0,11.0,960
62,20,2025-03-11,4.0,5.2,690
63,20,2025-05-10,4.0,0.0,39
64,20,2025-08-28,3.0,26.6,725
65,20,2025-10-01,3.0,0.0,855
66,22,2024-05-04,1.0,25.9,319
67,22,09/02/2025,1.0,4.4,186
68,23,17/03/2025,2.0,9.8,309
69,23,2025-12-11,2.0,8.2,600
70,24,2025-11-07,4.0,2.4,893
71,25,2023-07-23,3.0,14.7,397
72,25,2024-10-25,2.0,15.9,740
73,26,2024-03-06,2.0,15.0,666
74,26,2024-06-08,2.0,0.0,606
75,26,06-22-2024,3.0,28.6,953
76,26,07-02-2025,3.0,4.8,192
77,26,2025-08-17,4.0,27.1,497
78,27,2025-09-19,3.0,10.3,806
79,27,2025-11-08,3.0,,860
80,27,2025-11-11,3.0,25.7,833
81,27,11-16-2025,3.0,3.7,762
82,28,2023-10-01,3.0,6.7,633
83,29,18-Oct-2025,2.0,1.8,880
84,31,2022-12-15,2.0,17.9,856
85,31,05-17-2023,3.0,5.8,999
86,31,2023-10-08,3.0,7.1,820
87,31,2024-11-11,3.0,21.3,376
88,31,28/12/2024,4.0,11.8,759
89,32,2025-09-05,4.0,11.9,6
90,32,2025-10-22,4.0,5.6,810
91,33,2025-11-15,4.0,14.8,833
92,34,2024-02-10,2.0,8.1,755
93,34,2024-07-29,2.0,10.8,758
94,34,2025-08-03,2.0,,237
95,35,2025-06-15,2.0,0.0,225
96,35,2025-08-26,1.0,20.6,257
97,36,2024-01-28,4.0,14.2,115
98,36,2024-11-13,5.0,19.1,371
99,36,2025-01-22,4.0,11.0,926
100,37,2025-08-26,3.0,19.5,940
101,37,2025-08-29,2.0,11.6,524
102,38,2025-11-23,3.0,22.9,482
103,38,2025-12-08,4.0,17.5,300
104,38,2025-12-17,2.0,9.8,299
105,38,2025-12-28,3.0,23.3,226
106,39,2023-12-25,2.0,22.0,505
107,39,14/03/2025,2.0,8.1,929
108,40,2024-12-30,4.0,24.5,646
109,40,2025-02-16,4.0,0.0,948
110,40,2025-03-17,3.0,14.4,12
111,41,2025-05-07,2.0,5.1,21
112,41,07-Jun-2025,3.0,0.0,52
113,41,06-29-2025,3.0,2.7,559
114,41,04/10/2025,2.0,5.6,109
115,42,2025-12-06,1.0,15.8,816
116,43,2022-04-20,3.0,9.1,93
117,43,03/07/2023,2.0,8.7,72
118,43,30/08/2025,2.0,1.7,119
119,45,2024-04-21,1.0,1.4,13
120,45,2025-04-08,3.0,6.5,504
121,46,2024-06-16,1.0,7.3,480
122,46,2024-08-15,1.0,12.5,551
123,46,2025-09-23,2.0,12.4,812
124,47,2023-06-28,4.0,9.0,259
125,47,2023-10-05,3.0,11.4,519
126,47,11-22-2023,4.0,26.5,313
127,47,2024-06-15,4.0,11.0,758
128,47,2024-07-06,4.0,23.9,754
129,47,2025-09-04,4.0,17.5,968
130,47,2025-10-30,4.0,14.6,295
131,48,2025-06-25,3.0,1.7,309
132,48,2025-08-03,2.0,19.6,949
133,48,2025-08-08,3.0,20.3,268
134,48,2025-09-03,3.0,9.3,954
135,49,2025-12-17,3.0,13.1,914
136,49,22-Dec-2025,1.0,9.7,364
137,49,2025-12-27,1.0,18.4,22
138,49,2025-12-31,1.0,20.8,812
139,50,2024-06-03,2.0,4.0,568
140,50,2024-08-25,2.0,5.8,149
141,50,2025-06-14,2.0,5.7,541
142,51,2025-06-04,3.0,9.8,100
143,51,29/06/2025,3.0,28.4,947
144,51,2025-09-16,3.0,0.0,404
145,52,2025-06-17,4.0,20.1,669
146,52,2025-07-26,2.0,6.4,88
147,52,2025-09-22,4.0,16.2,596
148,53,2024-10-27,3.0,12.1,701
149,54,18-Apr-2023,1.0,,232
150,54,2025-11-18,3.0,,811
151,55,2025-12-05,4.0,10.7,147
152,55,2025-12-08,4.0,12.9,932
153,56,2023-07-13,4.0,0.0,229
154,56,2024-07-27,3.0,18.0,358
155,56,2024-12-24,4.0,4.4,352
156,56,07-25-2025,3.0,13.0,302
157,57,29-Oct-2023,2.0,2.8,547
158,58,2024-07-05,3.0,23.6,425
159,58,15/11/2024,2.0,14.5,220
160,58,2025-02-10,1.0,6.1,780
161,58,2025-12-09,2.0,6.2,934
162,58,2025-12-11,2.0,22.4,647
163,59,2025-10-19,2.0,9.3,931
164,60,2025-10-23,4.0,0.6,848
165,62,2023-05-16,2.0,6.1,205
166,62,2024-01-05,2.0,9.2,538
167,62,2024-01-26,2.0,6.7,229
168,62,2024-04-01,2.0,16.9,783
169,62,2025-07-26,2.0,17.0,159
170,63,2023-03-07,4.0,6.7,320
171,63,2025-03-03,4.0,11.0,625
172,64,2024-02-29,3.0,8.6,898
173,64,2024-04-15,3.0,15.0,903
174,65,2023-04-26,4.0,4.4,389
175,65,2023-12-11,4.0,4.6,362
176,65,2024-01-20,4.0,11.6,352
177,65,2024-10-18,4.0,8.9,563
178,65,2025-10-30,4.0,0.0,332
179,66,2025-11-02,3.0,8.1,185
180,68,2025-03-12,2.0,10.9,574
181,68,2025-05-04,3.0,27.5,950
182,69,21/06/2023,3.0,,254
183,69,2023-10-17,3.0,0.5,124
184,69,28/12/2023,2.0,5.6,30
185,69,2025-05-08,2.0,20.6,520
186,69,2025-05-14,4.0,10.0,102
187,70,2024-04-13,4.0,3.4,260
188,70,06-23-2024,3.0,0.0,242
189,70,2024-12-31,4.0,5.5,676
190,70,2025-02-16,4.0,20.0,529
191,70,2025-03-17,5.0,11.8,535
192,70,2025-08-18,4.0,4.8,728
193,70,2025-09-20,5.0,10.7,181
194,71,2024-05-04,3.0,8.7,793
195,71,14/01/2025,4.0,13.6,857
196,71,2025-01-28,4.0,14.8,273
197,71,2025-06-29,4.0,19.4,926
198,72,2025-10-21,3.0,4.3,48
199,73,2025-06-23,1.0,,673
200,73,2025-12-01,2.0,25.1,287
201,73,2025-12-08,1.0,12.2,510
202,74,2024-10-26,4.0,14.4,889
203,74,2025-06-10,4.0,17.2,968
204,76,2024-02-12,2.0,3.9,847
205,76,2024-06-30,3.0,19.9,889
206,76,2025-09-23,3.0,0.0,148
207,76,2025-12-15,2.0,17.5,304
208,77,05-Jan-2024,2.0,12.9,417
209,78,2024-07-28,4.0,2.4,238
210,78,2024-08-21,3.0,7.8,222
211,78,2024-10-16,3.0,18.2,360
212,78,2025-03-03,2.0,12.0,267
213,78,2025-07-08,,0.0,449
214,79,09-08-2024,3.0,2.3,173
215,79,2025-01-19,3.0,0.0,884
216,79,2025-03-20,4.0,9.2,787
217,79,11-05-2025,3.0,14.6,330
218,80,2025-02-08,3.0,2.9,842
219,80,21/02/2025,5.0,26.5,769
220,80,2025-09-18,4.0,20.5,707
221,82,2025-05-27,2.0,0.7,123
222,82,2025-07-17,1.0,24.4,924
223,82,2025-09-07,1.0,30.2,272
224,82,2025-11-27,2.0,24.6,118
225,83,2025-05-18,3.0,18.4,362
226,83,2025-12-17,4.0,23.1,475
227,84,15/02/2023,1.0,5.1,58
228,84,2025-01-19,1.0,1.6,766
229,84,2025-08-20,1.0,5.4,461
230,85,25/01/2024,3.0,7.4,139
231,85,2025-10-27,1.0,23.2,148
232,86,2025-04-13,5.0,12.2,862
233,86,2025-11-19,5.0,19.0,440
234,86,2025-12-03,5.0,8.4,425
235,86,2025-12-11,5.0,0.3,370
236,87,11-Aug-2023,3.0,15.1,650
237,87,30/10/2025,3.0,22.3,375
238,89,2023-07-08,2.0,18.9,109
239,89,2024-05-18,1.0,9.5,608
240,90,2025-09-06,4.0,2.7,786
241,90,2025-09-29,4.0,,459
242,90,2025-11-10,4.0,15.0,285
243,90,2025-12-11,4.0,13.4,325
244,90,2025-12-22,3.0,16.1,674
245,91,2025-02-25,3.0,0.4,878
246,91,2025-04-04,4.0,16.3,912
247,91,17/04/2025,2.0,5.5,596
248,91,2025-05-06,3.0,7.5,667
249,91,2025-05-27,3.0,4.2,772
250,92,2025-05-18,4.0,20.4,19
251,92,09-09-2025,4.0,12.4,500
252,93,2024-05-19,4.0,9.8,233
253,93,2025-01-19,3.0,21.5,487
254,94,2024-04-25,3.0,6.5,868
255,94,2024-08-21,2.0,6.1,793
256,94,2025-05-08,6.0,12.0,207
257,95,2025-03-06,4.0,17.8,115
258,95,2025-07-30,3.0,20.8,186
259,95,2025-12-02,3.0,26.6,101
260,96,2025-01-04,2.0,20.3,250
261,96,25/02/2025,1.0,2.6,55
262,97,2024-05-21,3.0,0.0,665
263,97,2025-08-14,3.0,14.5,885
264,98,2025-05-07,3.0,11.9,337
265,98,25/09/2025,4.0,0.0,544
266,98,12-31-2025,3.0,9.3,212
267,99,2024-09-19,3.0,11.5,176
268,99,2025-01-18,3.0,15.8,790
269,99,2025-10-26,3.0,0.9,770
270,100,2024-08-26,2.0,9.5,182
271,100,2024-09-12,3.0,13.4,414
272,100,2024-12-06,2.0,18.8,368
273,100,02-14-2025,3.0,5.4,705
274,100,2025-03-09,2.0,9.3,328
275,100,12-Aug-2025,3.0,13.6,966
276,101,2025-03-09,3.0,8.1,289
277,102,2024-06-27,4.0,22.4,618
278,102,2024-08-21,4.0,12.9,205
279,102,09-06-2025,3.0,5.9,406
280,103,2024-09-20,4.0,3.5,334
281,103,2025-03-08,5.0,5.3,969
282,103,16/06/2025,4.0,13.5,148
283,104,2024-09-30,4.0,23.9,17
284,104,2025-03-03,2.0,10.4,533
285,105,2025-05-02,4.0,0.0,171
286,105,2025-08-13,4.0,12.1,934
287,105,2025-09-08,4.0,19.2,854
288,106,2025-12-27,3.0,9.4,607
289,107,2025-10-29,3.0,11.2,800
290,107,2025-11-21,3.0,5.2,4
291,108,2024-01-23,2.0,7.0,859
292,108,03-14-2025,1.0,15.4,703
293,108,2025-08-12,2.0,4.9,600
294,109,17/10/2025,,16.3,287
295,109,2025-11-02,2.0,8.5,487
296,109,2025-12-04,2.0,10.4,825
297,110,2025-11-29,3.0,11.7,960
298,111,2023-10-10,4.0,,225
299,111,17/09/2024,4.0,20.5,636
300,112,2024-11-17,3.0,9.5,168
301,112,10/01/2025,2.0,0.0,820
302,112,2025-12-05,1.0,12.7,108
303,113,2025-01-04,2.0,28.3,154
304,113,2025-02-07,3.0,19.7,722
305,114,2025-04-29,5.0,4.0,137
306,115,2024-07-03,3.0,14.0,978
307,115,06-08-2025,3.0,17.4,539
308,115,2025-07-20,4.0,12.0,552
309,116,2025-04-04,3.0,25.7,92
310,116,2025-05-23,4.0,33.7,214
311,116,29/09/2025,5.0,10.3,442
312,116,03-Nov-2025,5.0,0.0,67
313,117,2025-08-19,4.0,32.5,191
314,117,2025-09-21,2.0,9.7,812
315,117,2025-11-03,3.0,19.0,146
316,117,2025-11-09,5.0,15.1,124
317,117,2025-11-16,5.0,13.4,719
318,117,2025-12-23,4.0,14.6,755
319,118,2025-06-01,4.0,8.6,665
320,118,2025-09-04,4.0,2.2,789
321,119,2025-08-24,2.0,6.9,358
322,121,2024-02-04,4.0,9.5,69
323,121,2024-12-20,4.0,5.0,306
324,121,2025-08-04,3.0,1.1,272
325,122,2024-12-08,4.0,4.2,755
326,122,2024-12-16,4.0,9.6,183
327,123,2022-11-26,4.0,10.2,231
328,123,03/05/2024,5.0,27.2,914
329,123,2024-09-06,3.0,8.4,230
330,124,2025-12-26,4.0,3.4,603
331,124,27/12/2025,2.0,12.2,804
332,124,2025-12-31,2.0,0.0,971
333,125,09-Oct-2024,3.0,4.2,141
334,125,2025-03-29,4.0,0.4,472
335,125,2025-04-09,3.0,0.0,409
336,125,21-Jun-2025,2.0,5.3,154
337,125,2025-08-10,3.0,23.7,812
338,126,2023-11-27,,22.3,227
339,126,13-Jun-2024,2.0,16.8,40
340,126,2024-07-12,2.0,5.7,40
341,126,2024-11-20,2.0,14.7,477
342,126,2024-11-29,3.0,18.2,604
343,126,2025-05-18,3.0,28.2,544
344,126,2025-08-11,3.0,19.9,971
345,126,2025-11-16,3.0,4.7,972
346,127,02/07/2024,3.0,11.3,726
347,127,08-06-2024,3.0,14.8,222
348,129,2025-09-12,3.0,20.6,569
349,129,2025-12-11,3.0,17.0,596
350,131,2023-05-20,4.0,8.9,885
351,131,2024-02-06,4.0,15.2,429
352,131,2024-12-31,4.0,5.3,227
353,131,2025-08-11,4.0,0.7,638
354,131,2025-09-14,5.0,0.0,190
355,131,2025-10-04,3.0,4.5,77
356,132,2024-02-23,4.0,,973
357,132,2025-04-02,4.0,35.7,465
358,133,2023-02-11,2.0,1.6,393
359,133,2023-05-01,2.0,13.0,659
360,133,08/09/2024,2.0,6.0,991
361,133,22-Aug-2025,3.0,2.1,882
362,134,2025-12-19,2.0,8.8,489
363,135,07-22-2025,3.0,20.1,337
364,135,2025-09-16,3.0,6.2,758
365,136,2024-11-27,4.0,18.4,951
366,137,2024-10-17,4.0,15.8,362
367,138,2023-10-10,2.0,16.6,536
368,138,2024-04-05,2.0,9.8,352
369,138,2024-04-07,1.0,19.1,825
370,138,2024-11-22,3.0,18.2,3
371,138,2025-03-05,1.0,11.6,38
372,139,2024-06-17,1.0,24.0,468
373,139,2024-07-21,2.0,13.9,776
374,139,2024-12-26,2.0,15.2,682
375,139,2025-06-16,2.0,11.2,782
376,139,2025-06-20,2.0,30.1,892
377,139,2025-08-16,3.0,20.5,607
378,140,2023-08-02,1.0,18.9,240
379,140,2025-12-12,2.0,21.8,874
380,141,2024-08-30,2.0,11.9,667
381,141,2025-05-11,2.0,0.0,102
382,141,2025-09-20,2.0,15.0,398
383,141,2025-12-03,3.0,7.6,876
384,143,10-15-2023,2.0,0.0,749
385,143,2024-07-05,3.0,20.9,720
386,143,2025-10-12,3.0,15.3,994
387,143,2025-11-25,3.0,5.6,625
388,144,2022-11-16,2.0,20.5,558
389,146,2025-03-14,5.0,2.5,404
390,146,2025-08-21,4.0,25.5,553
391,146,2025-10-24,5.0,18.3,903
392,146,2025-10-26,4.0,17.3,393
393,147,2025-10-17,3.0,0.0,750
394,147,2025-12-06,4.0,23.5,763
395,148,2025-11-08,3.0,7.6,848
396,148,18/11/2025,4.0,10.4,438
397,149,2023-08-03,3.0,25.6,413
398,149,2023-11-15,3.0,6.8,12
399,149,2023-11-16,4.0,6.3,19
400,149,2023-11-24,3.0,1.4,810
401,149,09-Apr-2024,4.0,12.5,822
402,149,2024-04-12,4.0,18.9,464
403,149,2024-04-22,4.0,15.2,370
404,149,2024-07-23,4.0,16.9,377
405,149,2024-12-22,3.0,0.0,12
406,149,2025-08-25,5.0,17.4,263
407,150,2025-07-14,3.0,20.6,667
408,151,2024-11-08,3.0,6.4,727
409,151,2025-04-23,3.0,16.5,201
410,153,2024-08-28,1.0,5.9,53
411,153,31/05/2025,2.0,2.4,101
412,153,10/06/2025,2.0,0.0,68
413,153,2025-08-14,3.0,6.5,471
414,154,2025-12-17,2.0,1.6,939
415,155,27/02/2025,2.0,0.0,612
416,155,2025-05-03,4.0,0.0,13
417,155,2025-05-12,2.0,12.9,510
418,155,10-23-2025,2.0,13.7,495
419,155,2025-11-30,2.0,24.2,873
420,156,17-Oct-2024,2.0,0.0,744
421,156,2025-01-05,2.0,15.1,550
422,156,2025-03-08,3.0,18.0,697
423,156,24/03/2025,4.0,6.9,412
424,156,2025-06-03,3.0,8.9,127
425,156,2025-12-19,5.0,17.5,939
426,158,2025-06-08,3.0,18.7,179
427,159,2023-04-08,2.0,3.8,268
428,159,2024-12-23,2.0,11.5,42
429,159,2025-03-16,2.0,10.3,909
430,159,2025-03-16,1.0,22.1,176
431,159,04-10-2025,2.0,0.7,566
432,160,2025-12-09,3.0,5.2,4
433,161,2024-12-27,2.0,19.1,149
434,161,2025-02-19,2.0,10.7,175
435,161,2025-09-27,1.0,7.0,928
436,162,08-18-2024,4.0,11.9,996
437,162,24/11/2024,5.0,5.4,714
438,162,2025-03-22,4.0,11.1,424
439,162,2025-03-29,5.0,2.9,334
440,162,2025-06-26,5.0,26.2,95
441,162,2025-08-11,5.0,6.2,485
442,163,2025-07-31,5.0,24.3,420
443,163,2025-09-08,4.0,18.3,188
444,163,2025-10-14,4.0,25.5,870
445,164,25/01/2024,,29.8,832
446,164,2024-07-13,5.0,11.1,543
447,164,2024-10-03,4.0,13.6,206
448,164,2024-11-30,4.0,8.8,202
449,164,2025-01-19,3.0,7.9,773
450,164,04-25-2025,4.0,16.4,585
451,164,2025-06-12,5.0,17.9,180
452,165,2024-12-29,3.0,5.2,638
453,165,2025-03-28,3.0,18.3,592
454,165,2025-05-01,2.0,13.0,729
455,165,2025-09-10,3.0,25.3,122
456,165,2025-11-26,3.0,16.9,192
457,165,2025-12-25,2.0,13.4,793
458,167,2022-12-05,3.0,10.7,467
459,167,2024-09-15,2.0,3.3,415
460,167,2025-11-06,3.0,20.9,785
461,169,2025-06-02,3.0,8.8,459
462,169,2025-07-29,4.0,9.6,456
463,169,2025-11-04,3.0,11.1,999
464,169,2025-11-13,3.0,16.6,903
465,170,2023-09-30,1.0,11.8,455
466,170,2024-06-20,2.0,27.5,215
467,171,2024-08-13,2.0,18.9,308
468,171,2024-09-12,3.0,6.9,480
469,171,2025-04-12,3.0,25.1,159
470,171,2025-06-05,3.0,13.9,50
471,171,2025-06-12,3.0,16.3,771
472,171,2025-10-28,4.0,13.3,636
473,172,2024-02-08,4.0,4.7,275
474,172,2024-12-11,4.0,,869
475,173,2024-10-10,1.0,7.9,602
476,173,2025-04-18,1.0,15.5,974
477,173,2025-06-19,1.0,4.5,423
478,174,2024-11-06,2.0,,258
479,174,24/03/2025,3.0,22.9,924
480,174,2025-07-28,2.0,8.7,483
481,174,13/11/2025,2.0,25.3,114
482,175,2025-05-19,5.0,15.7,80
483,175,2025-07-11,4.0,17.8,719
484,175,2025-11-09,,21.3,440
485,175,2025-12-28,4.0,,420
486,176,2024-01-18,3.0,0.0,744
487,176,2024-03-31,3.0,13.7,968
488,176,2024-07-29,2.0,3.0,48
489,176,2025-04-19,3.0,0.0,30
490,176,2025-06-10,3.0,18.7,947
491,176,2025-12-05,3.0,8.9,82
492,177,2025-02-22,2.0,16.7,482
493,177,2025-03-18,4.0,7.4,412
494,177,2025-06-26,3.0,24.7,393
495,178,07-Sep-2024,4.0,8.8,15
496,178,2024-09-13,5.0,6.1,26
497,178,2025-01-01,3.0,18.5,664
498,178,2025-01-21,4.0,9.5,942
499,179,2025-10-01,6.0,8.2,316
500,179,25-Oct-2025,4.0,25.3,792
501,179,2025-11-27,4.0,20.7,134
502,179,2025-11-28,3.0,,223
503,180,2024-01-06,2.0,29.3,140
504,180,2024-12-24,2.0,24.1,255
505,182,2024-02-23,3.0,0.0,145
506,182,2024-12-03,3.0,22.1,31
507,182,2025-01-21,3.0,21.9,617
508,183,12-Dec-2024,1.0,0.9,996
509,183,2025-01-14,2.0,15.8,345
510,183,2025-03-04,3.0,17.1,671
511,183,2025-03-30,2.0,13.7,721
512,184,05-Feb-2024,3.0,0.0,641
513,184,2024-09-13,3.0,9.3,112
514,184,2025-05-08,3.0,16.0,152
515,185,2022-07-01,1.0,15.3,265
516,185,26/04/2023,2.0,20.7,833
517,185,23/05/2024,1.0,0.0,663
518,187,2023-12-04,3.0,9.7,591
519,188,08/01/2024,5.0,15.7,109
520,189,03-14-2024,4.0,10.6,583
521,189,04/07/2024,4.0,16.5,806
522,190,2023-08-24,3.0,11.4,100
523,190,2024-03-19,3.0,13.8,456
524,190,2024-07-04,2.0,18.7,796
525,190,2024-08-06,3.0,10.9,399
526,190,2024-08-14,4.0,26.2,328
527,190,2024-09-13,3.0,12.2,426
528,190,2025-01-03,4.0,,734
529,191,2024-03-22,4.0,12.9,432
530,192,2024-08-16,3.0,4.7,963
531,192,18-Jun-2025,4.0,18.7,332
532,193,2024-03-20,2.0,7.9,152
533,193,2024-08-21,2.0,13.8,524
534,193,2025-04-15,2.0,19.2,950
535,193,2025-10-28,2.0,2.3,631
536,193,2025-12-24,3.0,8.2,829
537,194,2024-07-20,4.0,12.1,997
538,194,2024-11-11,4.0,3.9,503
539,194,2025-05-29,4.0,6.4,157
540,195,2024-06-27,3.0,5.1,416
541,195,2024-08-16,3.0,22.0,104
542,195,2024-09-26,3.0,1.8,307
543,195,2024-12-30,4.0,12.2,243
544,195,2025-01-04,3.0,10.7,832
545,195,06/04/2025,4.0,17.4,182
546,197,07-31-2024,4.0,2.5,592
547,197,16-Dec-2024,5.0,20.4,637
548,197,2024-12-26,4.0,2.7,297
549,197,2025-01-14,4.0,8.0,464
550,198,2025-10-25,3.0,0.0,425
551,198,2025-10-28,3.0,15.5,613
552,199,2023-06-07,4.0,17.5,62
553,199,09-01-2023,4.0,11.5,265
554,199,2023-10-02,3.0,14.3,311
555,199,2024-04-12,4.0,12.0,593
556,199,2025-09-05,4.0,10.3,61
557,200,10-31-2023,3.0,11.9,673
558,200,2024-12-12,4.0,11.3,108
559,202,2025-04-21,5.0,18.4,676
560,203,2024-03-04,1.0,24.3,56
561,203,2024-08-24,1.0,29.2,898
562,203,2024-08-26,2.0,10.5,984
563,203,2024-12-23,2.0,15.1,395
564,203,2025-03-09,2.0,10.9,728
565,206,2025-12-04,3.0,16.5,322
566,206,2025-12-07,2.0,17.9,552
567,206,2025-12-08,3.0,7.6,951
568,206,2025-12-09,3.0,10.7,27
569,207,22-Nov-2023,4.0,10.0,146
570,207,2024-02-21,3.0,7.8,660
571,207,04-16-2025,5.0,11.8,822
572,208,2025-09-04,1.0,19.7,633
573,208,2025-09-10,1.0,2.2,807
574,208,2025-11-29,3.0,3.6,39
575,208,2025-12-12,2.0,5.8,345
576,210,2023-04-16,5.0,4.8,712
577,210,2023-12-08,4.0,16.2,853
578,210,23-Sep-2024,5.0,21.2,639
579,210,2025-08-31,5.0,29.8,350
580,210,2025-09-15,5.0,16.5,218
581,210,24/11/2025,5.0,7.1,748
582,211,2024-04-14,3.0,11.3,984
583,211,2025-09-17,3.0,5.5,185
584,212,2023-04-05,2.0,,208
585,212,30-Mar-2024,1.0,17.1,238
586,212,2025-06-27,1.0,13.5,966
587,212,2025-07-20,3.0,17.4,527
588,212,2025-09-21,3.0,4.8,4
589,213,12/05/2024,4.0,23.0,259
590,214,2025-09-22,3.0,8.2,669
591,214,02/10/2025,5.0,26.4,930
592,214,2025-10-05,,4.0,923
593,214,2025-10-13,4.0,0.0,794
594,214,2025-12-05,4.0,21.5,711
595,214,2025-12-24,3.0,13.0,428
596,216,25/11/2025,1.0,25.1,963
597,216,2025-12-16,1.0,24.2,626
598,217,10-06-2025,3.0,18.2,309
599,217,2025-11-17,4.0,10.9,127
600,217,2025-12-19,3.0,14.6,804
601,218,2025-08-08,4.0,6.5,785
602,218,2025-10-12,5.0,16.4,137
603,220,2023-12-03,4.0,8.9,955
604,220,07/02/2024,4.0,10.0,15
605,220,2025-10-22,4.0,17.1,35
606,221,2023-10-03,4.0,5.7,498
607,221,2023-11-05,5.0,12.3,537
608,221,2024-01-12,4.0,0.0,69
609,221,2024-03-26,5.0,5.4,631
610,221,2024-10-27,5.0,5.8,235
611,221,2024-11-18,5.0,9.0,306
612,221,2024-12-12,5.0,19.6,880
613,221,04-Nov-2025,5.0,12.2,172
614,221,2025-11-14,5.0,12.7,919
615,221,2025-12-05,5.0,11.4,96
616,222,2023-06-17,2.0,0.0,407
617,222,2024-09-07,4.0,15.8,480
618,222,2024-09-12,3.0,23.9,323
619,222,2025-07-22,2.0,9.1,879
620,223,2023-09-03,4.0,17.9,87
621,223,2023-12-15,4.0,2.4,726
622,223,01/07/2024,4.0,21.2,644
623,223,2025-06-14,4.0,7.6,257
624,224,2025-08-11,3.0,6.4,904
625,224,08/10/2025,2.0,0.0,430
626,225,04-Jun-2024,4.0,16.0,468
627,226,2024-05-23,3.0,15.4,886
628,227,2023-09-06,4.0,0.0,232
629,227,2023-12-08,5.0,21.9,154
630,227,2024-03-22,5.0,6.7,119
631,228,2025-09-08,,12.0,587
632,228,2025-10-09,4.0,15.2,979
633,228,2025-11-16,4.0,10.7,158
634,229,2025-01-02,3.0,14.4,713
635,229,2025-04-25,3.0,,718
636,229,2025-10-14,3.0,3.4,409
637,230,2024-02-05,2.0,12.7,474
638,231,05-26-2023,2.0,10.2,725
639,231,02-Nov-2023,3.0,16.0,39
640,231,2023-11-26,4.0,8.6,41
641,231,2024-01-12,4.0,16.7,788
642,231,2024-03-07,3.0,,341
643,231,2025-01-17,3.0,23.8,932
644,231,2025-04-05,4.0,5.3,393
645,232,2025-12-23,2.0,3.2,278
646,234,2024-05-30,4.0,0.0,216
647,234,02/07/2024,5.0,4.5,278
648,234,2025-04-28,4.0,12.2,58
649,234,06-09-2025,4.0,7.3,401
650,235,2025-10-01,4.0,13.1,233
651,235,20-Oct-2025,3.0,4.3,793
652,235,2025-10-29,4.0,6.0,187
653,235,2025-11-18,5.0,12.1,394
654,235,2025-11-28,4.0,8.1,199
655,235,2025-12-29,4.0,9.7,736
656,236,2024-12-22,3.0,5.5,958
657,236,2025-11-27,4.0,13.5,106
658,236,2025-12-18,4.0,12.0,824
659,237,2025-07-26,3.0,10.3,951
660,238,11-Aug-2025,5.0,15.5,135
661,238,16/12/2025,3.0,10.9,135
662,238,2025-12-23,3.0,17.1,629
663,239,21-Aug-2025,5.0,7.1,784
664,239,2025-08-29,4.0,0.0,230
665,239,2025-09-16,5.0,17.7,212
666,239,2025-09-17,5.0,23.9,900
667,239,2025-09-30,4.0,19.1,476
668,239,17/12/2025,5.0,0.0,32
669,241,2025-01-05,4.0,9.1,330
670,241,2025-08-05,5.0,0.0,807
671,242,2022-07-28,5.0,11.1,509
672,242,2022-09-19,5.0,11.5,169
673,242,12-Sep-2023,5.0,0.0,635
674,242,2024-10-11,4.0,18.8,306
675,242,2025-05-14,5.0,0.0,199
676,243,2024-09-13,2.0,,193
677,243,2024-11-06,2.0,0.0,791
678,243,2025-03-25,3.0,20.9,281
679,243,2025-04-18,4.0,,344
680,243,2025-05-11,3.0,18.7,127
681,244,2023-02-20,1.0,4.7,847
682,244,2024-06-07,1.0,7.8,120
683,244,2025-07-30,2.0,22.9,630
684,246,2024-11-06,4.0,,691
685,247,2024-05-24,2.0,22.4,342
686,247,2024-12-04,2.0,11.5,556
687,247,06-28-2025,2.0,21.2,393
688,247,2025-11-26,2.0,0.0,512
689,248,2022-11-24,4.0,27.4,661
690,248,06-May-2023,3.0,11.6,968
691,248,01-12-2024,4.0,,159
692,248,2024-10-20,3.0,8.1,485
693,249,2024-10-02,3.0,13.9,548
694,249,2025-01-13,4.0,8.5,949
695,249,2025-05-25,4.0,4.8,452
696,249,2025-08-23,5.0,19.1,835
697,250,2024-09-11,1.0,8.5,402
698,250,2024-11-09,1.0,19.5,937
699,250,2025-09-12,,14.9,764
700,250,11-Nov-2025,2.0,9.5,98
701,251,2025-10-15,2.0,4.0,953
702,251,2025-10-25,4.0,6.2,326
703,251,2025-11-21,3.0,2.9,804
704,251,2025-11-29,3.0,5.8,793
705,251,2025-12-14,4.0,17.3,162
706,251,2025-12-24,3.0,20.7,905
707,252,13/11/2025,3.0,22.8,37
708,252,2025-11-14,4.0,20.2,714
709,254,2024-10-24,4.0,17.6,81
710,254,2025-02-23,4.0,0.0,408
711,254,2025-11-22,4.0,4.4,878
712,255,08/03/2023,3.0,26.3,392
713,255,06-09-2024,4.0,15.5,829
714,256,2024-12-10,3.0,0.0,484
715,257,24/01/2023,4.0,19.5,217
716,257,2024-05-15,2.0,18.1,275
717,257,18/12/2024,3.0,0.0,75
718,257,2025-07-31,5.0,3.9,117
719,257,2025-12-01,3.0,19.9,969
720,258,03-28-2025,2.0,,151
721,258,2025-11-28,3.0,14.8,648
722,261,2023-11-09,3.0,12.9,277
723,261,2024-01-08,3.0,14.8,173
724,261,2025-04-16,3.0,27.2,872
725,261,2025-05-03,3.0,10.5,218
726,261,2025-10-02,4.0,19.7,565
727,262,12-26-2025,3.0,12.8,333
728,262,2025-12-28,2.0,9.8,642
729,263,12-02-2024,5.0,6.2,328
730,263,2025-02-14,4.0,,706
731,263,2025-07-14,4.0,19.8,855
732,263,2025-09-04,4.0,14.3,367
733,264,2025-12-24,3.0,5.2,45
734,264,25/12/2025,3.0,4.5,826
735,266,2025-06-29,2.0,1.5,332
736,267,2023-10-24,2.0,10.0,531
737,267,28/02/2024,3.0,13.1,907
738,267,2025-05-19,3.0,16.4,344
739,268,2025-09-10,5.0,9.3,793
740,268,2025-10-24,5.0,9.2,712
741,268,09/11/2025,4.0,10.3,880
742,269,2023-01-22,4.0,0.0,594
743,269,2023-02-05,3.0,2.2,804
744,269,2024-02-29,4.0,25.4,562
745,269,2024-07-12,4.0,16.3,487
746,269,2024-12-25,4.0,24.4,528
747,270,2024-07-20,4.0,10.2,866
748,270,2024-08-07,4.0,12.6,2
749,270,2024-09-08,5.0,12.2,406
750,270,2025-12-10,6.0,2.8,40
751,272,2024-09-12,4.0,5.1,594
752,272,18/05/2025,3.0,6.6,775
753,273,2024-10-23,4.0,16.8,585
754,274,2024-05-11,2.0,15.4,611
755,274,2025-02-11,3.0,16.4,315
756,275,2024-07-10,5.0,17.5,1000
757,275,06-Sep-2024,4.0,0.0,580
758,275,04/10/2024,5.0,13.3,540
759,275,2025-05-10,5.0,0.2,588
760,276,21-Aug-2025,2.0,12.4,477
761,276,25/08/2025,4.0,10.9,511
762,276,2025-10-07,3.0,11.8,199
763,276,2025-12-26,5.0,18.0,53
764,277,2025-10-23,4.0,12.2,979
765,278,2023-08-27,2.0,3.5,236
766,278,2024-12-29,,5.5,21
767,278,2025-12-19,1.0,12.6,167
768,279,2025-02-11,3.0,12.0,226
769,280,2025-01-17,1.0,7.0,208
770,281,2024-08-03,5.0,15.5,817
771,282,2024-01-10,3.0,0.0,578
772,282,2024-04-01,3.0,13.3,506
773,282,2024-10-27,3.0,6.3,593
774,282,2025-02-10,3.0,11.4,140
775,282,2025-02-27,4.0,12.0,362
776,284,2023-09-27,3.0,10.2,797
777,284,2024-02-10,2.0,19.2,148
778,284,25/04/2024,3.0,28.4,960
779,284,2024-12-20,3.0,8.0,859
780,284,2025-06-07,2.0,19.6,713
781,285,2024-11-01,4.0,18.5,648
782,285,2025-03-24,4.0,14.8,107
783,286,2025-10-15,2.0,18.2,383
784,286,2025-10-25,2.0,,226
785,287,02-14-2023,3.0,12.8,720
786,287,2023-09-25,3.0,8.6,367
787,288,03-04-2025,3.0,4.0,522
788,288,2025-05-26,2.0,9.1,801
789,289,2025-12-25,,4.0,800
790,289,31/12/2025,3.0,9.3,707
791,290,11/02/2025,3.0,1.4,777
792,290,2025-07-08,5.0,31.4,81
793,291,2025-11-09,3.0,21.8,100
794,291,2025-11-14,3.0,24.8,132
795,291,2025-11-14,4.0,12.8,688
796,291,2025-11-27,2.0,5.0,847
797,291,2025-12-16,4.0,13.6,115
798,291,2025-12-24,3.0,6.2,91
799,292,2024-04-16,2.0,0.9,715
800,292,2024-08-28,2.0,21.9,75
801,292,2025-01-04,2.0,14.7,19
802,292,2025-01-31,1.0,5.4,695
803,292,2025-02-03,3.0,7.2,708
804,292,2025-02-12,3.0,7.1,73
805,292,2025-02-28,2.0,16.1,399
806,292,2025-03-25,2.0,15.1,852
807,292,2025-05-23,2.0,2.9,547
808,292,2025-09-09,2.0,7.7,96
809,293,2025-10-08,1.0,20.3,253
810,293,2025-10-21,1.0,15.9,912
811,293,2025-12-10,1.0,3.1,494
812,294,2025-08-25,3.0,13.0,595
813,294,2025-10-13,3.0,3.5,867
814,295,2025-10-16,3.0,13.4,963
815,295,2025-11-13,4.0,10.6,635
816,295,2025-12-16,4.0,19.0,650
817,296,2025-02-21,3.0,9.8,343
818,297,2024-07-04,2.0,2.2,458
819,297,2024-09-29,2.0,11.5,195
820,297,2025-04-30,3.0,9.6,887
821,297,01-Aug-2025,2.0,19.3,506
822,298,26-Nov-2025,1.0,23.0,59
823,299,2024-06-02,5.0,11.8,651
824,299,2024-12-28,4.0,25.0,183
825,299,2025-03-04,6.0,12.7,964
826,300,03-04-2024,2.0,22.6,311
827,300,10/12/2024,1.0,14.0,947
828,300,2024-12-25,2.0,12.2,21
829,301,2025-04-20,3.0,4.5,163
830,302,2025-09-04,3.0,15.9,978
831,302,2025-11-11,3.0,13.5,435
832,302,2025-12-07,5.0,23.4,986
833,303,31-Jan-2023,3.0,1.8,346
834,303,2023-10-25,4.0,2.6,374
835,303,2023-11-05,,11.9,844
836,303,2024-03-24,5.0,,34
837,303,2024-06-07,5.0,9.8,87
838,303,12-08-2024,5.0,11.1,161
839,304,2025-06-23,3.0,15.4,17
840,305,2024-12-05,4.0,0.0,245
841,306,2023-01-12,,6.5,446
842,306,2023-06-18,5.0,0.0,550
843,306,2025-07-14,4.0,12.8,893
844,308,2024-10-05,3.0,36.1,354
845,308,2024-10-08,3.0,,393
846,308,2024-10-19,4.0,6.6,301
847,308,2024-11-07,4.0,10.7,409
848,309,2025-10-11,3.0,27.7,791
849,309,2025-11-08,3.0,9.8,687
850,309,2025-12-29,4.0,23.2,207
851,309,30-Dec-2025,3.0,8.4,392
852,310,15/11/2022,2.0,10.9,536
853,310,07-10-2023,2.0,16.3,762
854,310,2023-11-01,3.0,9.3,97
855,310,2024-01-13,2.0,7.4,417
856,310,2024-04-05,2.0,8.0,520
857,310,2025-11-12,2.0,0.2,860
858,311,2024-01-18,3.0,,676
859,311,2024-05-05,4.0,9.5,611
860,311,2024-10-20,3.0,10.3,2
861,311,2025-06-06,3.0,16.4,705
862,311,10/06/2025,3.0,0.0,538
863,312,2025-02-03,4.0,13.1,951
864,312,2025-02-20,2.0,0.0,528
865,312,2025-03-15,1.0,11.3,481
866,312,2025-06-21,2.0,17.6,904
867,312,2025-07-30,2.0,2.5,987
868,312,2025-09-15,1.0,11.2,59
869,314,09-25-2023,5.0,1.9,819
870,314,2023-12-04,5.0,0.0,400
871,314,2024-04-14,5.0,0.7,473
872,314,2024-07-01,5.0,19.5,552
873,314,04-Sep-2025,5.0,25.5,800
874,315,13/01/2024,4.0,13.9,92
875,316,2024-04-26,3.0,20.5,287
876,316,2024-10-13,3.0,15.5,162
877,317,2024-05-09,4.0,0.0,145
878,317,2024-10-06,4.0,31.1,793
879,317,2024-12-09,5.0,10.0,272
880,317,2025-03-17,5.0,6.0,648
881,317,09-12-2025,,12.6,204
882,317,2025-09-21,5.0,9.3,640
883,318,2024-09-21,4.0,5.4,443
884,318,2025-03-04,4.0,12.0,873
885,318,2025-11-29,3.0,2.0,642
886,319,2024-09-24,3.0,11.0,256
887,319,29-Nov-2024,3.0,11.6,504
888,319,2025-03-03,4.0,13.0,161
889,319,2025-07-27,2.0,12.8,262
890,319,2025-09-09,3.0,11.6,886
891,320,2025-08-21,4.0,15.2,731
892,321,2024-10-13,1.0,12.9,237
893,321,2025-01-01,1.0,13.9,142
894,321,2025-01-02,1.0,9.4,314
895,321,2025-03-26,1.0,13.1,971
896,322,2024-10-10,3.0,1.3,413
897,322,2024-11-13,2.0,19.9,702
898,322,2025-04-27,3.0,22.2,630
899,322,2025-06-29,1.0,16.0,662
900,323,2025-11-19,3.0,4.0,414
901,325,2024-02-10,3.0,13.3,406
902,325,2025-01-21,3.0,4.6,603
903,326,30/11/2023,3.0,17.5,720
904,326,2024-04-04,3.0,3.4,417
905,326,2024-07-18,3.0,9.5,633
906,326,2024-11-12,2.0,17.0,368
907,326,2024-11-16,3.0,5.2,683
908,326,2025-02-03,4.0,26.5,537
909,326,2025-11-10,3.0,15.4,172
910,327,2025-05-24,2.0,0.0,877
911,327,08-Aug-2025,2.0,12.8,907
912,327,21/12/2025,2.0,9.5,440
913,328,2023-08-03,1.0,3.2,574
914,328,2023-09-22,1.0,25.8,954
915,328,2024-01-25,1.0,13.5,49
916,328,2024-04-23,2.0,7.8,190
917,328,2024-06-09,1.0,11.7,886
918,328,2024-09-28,,1.7,402
919,328,2025-02-03,1.0,14.2,174
920,329,12/09/2025,3.0,11.5,487
921,329,2025-10-30,3.0,4.6,447
922,329,2025-12-13,2.0,8.0,49
923,330,2025-11-07,3.0,9.7,273
924,330,2025-11-13,4.0,18.2,112
925,330,11-23-2025,4.0,13.8,296
926,330,11-23-2025,3.0,5.2,150
927,330,2025-11-23,3.0,6.4,710
928,330,2025-12-20,4.0,2.8,694
929,331,2025-07-24,3.0,10.4,433
930,331,2025-09-03,3.0,21.3,73
931,331,2025-09-19,2.0,8.9,892
932,331,2025-09-29,2.0,13.9,405
933,332,01-10-2024,3.0,1.2,414
934,332,03/08/2024,2.0,0.0,305
935,334,2023-04-13,3.0,9.3,915
936,334,2023-04-14,3.0,9.1,397
937,334,2024-01-12,2.0,21.1,996
938,334,2024-07-06,3.0,2.5,707
939,334,2024-11-04,3.0,5.0,11
940,334,05-03-2025,4.0,17.7,985
941,334,2025-08-04,3.0,25.7,940
942,334,2025-09-23,4.0,10.2,366
943,335,2025-10-19,2.0,9.1,74
944,336,2024-12-07,2.0,25.9,632
945,338,2025-03-22,2.0,18.9,775
946,338,05/11/2025,3.0,9.6,542
947,339,2024-09-01,5.0,0.0,801
948,339,2024-11-16,4.0,8.1,230
949,339,2025-02-19,5.0,,505
950,339,2025-02-22,3.0,21.9,484
951,339,2025-05-18,5.0,3.7,746
952,339,2025-06-03,4.0,1.6,494
953,339,2025-10-09,5.0,13.2,933
954,340,2025-04-15,,8.4,173
955,340,04-19-2025,1.0,14.7,495
956,340,26/05/2025,1.0,12.2,523
957,340,2025-06-20,1.0,,320
958,341,2022-10-12,2.0,15.2,684
959,341,2023-05-13,3.0,20.4,504
960,341,2025-05-25,2.0,11.5,656
961,342,07-09-2024,5.0,13.0,437
962,342,2024-08-06,3.0,11.4,999
963,342,2024-08-18,4.0,2.6,109
964,342,2025-05-19,5.0,16.7,164
965,342,2025-08-21,3.0,11.3,287
966,343,2024-11-17,3.0,0.0,460
967,343,2025-05-24,3.0,1.9,624
968,343,2025-07-24,4.0,8.3,581
969,343,2025-09-22,3.0,8.9,615
970,344,11/08/2024,4.0,14.9,417
971,344,2024-09-17,4.0,10.2,724
972,344,23-Apr-2025,5.0,14.8,565
973,344,2025-05-19,3.0,,125
974,344,2025-12-03,3.0,9.6,182
975,345,2024-04-23,3.0,16.9,412
976,345,2024-08-15,2.0,33.9,987
977,345,2025-09-17,2.0,0.0,93
978,346,2024-10-14,4.0,,854
979,346,27-Oct-2024,4.0,8.3,193
980,346,2025-03-08,4.0,,147
981,346,2025-05-14,4.0,0.2,332
982,346,2025-06-07,2.0,15.1,811
983,346,22/07/2025,3.0,11.2,534
984,346,2025-10-14,4.0,5.0,960
985,347,2024-12-28,3.0,6.6,516
986,348,2023-06-12,4.0,16.6,872
987,348,2023-07-25,3.0,3.4,164
988,348,09/02/2024,4.0,20.4,283
989,348,2024-06-03,4.0,4.0,472
990,348,10-27-2024,4.0,0.0,77
991,349,2024-02-07,3.0,15.9,914
992,349,17/12/2024,2.0,,325
993,349,2025-03-08,4.0,17.2,72
994,349,2025-03-18,3.0,11.5,953
995,349,2025-05-13,4.0,3.0,187
996,350,2025-03-04,3.0,19.3,270
997,350,2025-08-10,,14.7,114
998,351,10-29-2025,2.0,4.4,132
999,351,12-24-2025,3.0,16.1,515
1000,352,2025-02-20,3.0,13.0,514
1001,352,12/10/2025,3.0,7.8,432
1002,353,2025-02-24,4.0,2.8,476
1003,355,2025-06-27,3.0,12.0,907
1004,355,2025-06-30,2.0,2.3,763
1005,355,2025-07-25,2.0,6.1,155
1006,355,2025-07-31,3.0,16.8,680
1007,355,2025-09-30,3.0,10.1,246
1008,355,2025-10-11,3.0,15.8,198
1009,355,2025-10-27,3.0,0.9,390
1010,355,2025-11-21,3.0,21.8,129
1011,356,2025-03-24,4.0,12.6,787
1012,356,2025-09-15,5.0,7.5,250
1013,356,2025-09-29,5.0,12.3,690
1014,356,2025-11-15,5.0,12.0,574
1015,357,2023-10-22,2.0,7.4,832
1016,357,2024-03-10,1.0,15.3,484
1017,359,25/10/2025,4.0,16.8,339
1018,359,2025-11-21,4.0,,968
1019,361,2025-04-15,1.0,18.8,167
1020,361,2025-05-21,1.0,14.3,603
1021,361,2025-06-23,2.0,18.8,20
1022,361,2025-07-05,2.0,6.7,319
1023,361,2025-08-09,1.0,7.8,369
1024,361,2025-08-26,2.0,0.0,559
1025,361,2025-09-15,2.0,4.9,819
1026,361,2025-09-26,2.0,14.8,580
1027,362,06-18-2025,2.0,10.2,860
1028,362,2025-07-22,3.0,,618
1029,362,2025-08-07,3.0,2.2,951
1030,362,11/09/2025,3.0,1.0,373
1031,362,2025-10-21,4.0,11.1,142
1032,362,2025-11-16,3.0,0.0,298
1033,363,2023-10-06,2.0,17.1,348
1034,363,2025-12-01,1.0,7.7,871
1035,364,2023-12-23,3.0,8.6,848
1036,364,2024-01-10,4.0,15.0,324
1037,364,23-Aug-2024,4.0,22.3,808
1038,365,2025-06-13,2.0,14.7,814
1039,365,2025-11-29,2.0,3.2,972
1040,367,08/12/2023,4.0,21.9,409
1041,367,2025-12-05,4.0,13.0,659
1042,368,2024-12-13,2.0,21.1,526
1043,368,2025-06-16,3.0,28.2,46
1044,368,2025-06-20,2.0,18.9,593
1045,368,07-03-2025,3.0,9.3,324
1046,368,2025-09-17,4.0,15.2,583
1047,370,2025-05-05,2.0,11.1,345
1048,370,11-Jun-2025,2.0,8.3,540
1049,370,07-09-2025,3.0,19.9,642
1050,370,2025-08-03,3.0,6.0,524
1051,370,2025-12-05,3.0,17.8,253
1052,371,21/07/2024,1.0,12.9,159
1053,372,2022-08-03,3.0,,173
1054,372,2024-05-17,3.0,15.9,114
1055,372,2025-01-06,3.0,12.0,110
1056,373,2025-06-17,4.0,11.5,995
1057,373,2025-06-24,4.0,0.0,681
1058,373,06-28-2025,4.0,0.0,838
1059,373,2025-09-03,4.0,12.5,45
1060,373,2025-12-18,5.0,4.0,165
1061,374,2025-12-17,5.0,23.7,187
1062,374,2025-12-21,4.0,0.0,538
1063,374,2025-12-25,5.0,2.5,900
1064,374,2025-12-27,4.0,19.4,873
1065,375,06/11/2024,5.0,4.0,264
1066,376,11-19-2025,4.0,8.5,519
1067,377,2025-09-04,3.0,27.5,881
1068,377,2025-09-15,3.0,8.9,673
1069,377,2025-09-26,5.0,16.6,604
1070,377,2025-11-09,4.0,4.8,678
1071,378,2025-12-28,2.0,3.7,97
1072,379,15/02/2025,,21.8,566
1073,379,2025-10-10,2.0,9.1,114
1074,380,2025-12-04,1.0,0.0,769
1075,380,2025-12-11,1.0,18.2,566
1076,380,12-31-2025,1.0,12.7,716
1077,381,2024-02-22,2.0,10.8,800
1078,381,2024-06-05,3.0,2.2,71
1079,381,2024-12-23,3.0,18.8,324
1080,381,2025-12-23,2.0,10.3,248
1081,382,2025-11-13,4.0,0.0,228
1082,382,2025-12-04,3.0,22.3,972
1083,384,2024-10-07,4.0,22.1,781
1084,384,2024-10-18,3.0,17.3,655
1085,385,2025-09-16,3.0,10.6,605
1086,385,2025-09-22,4.0,2.0,202
1087,387,2025-04-23,2.0,16.4,235
1088,387,04-24-2025,4.0,3.4,54
1089,387,2025-10-29,1.0,18.5,239
1090,388,2024-04-19,4.0,8.3,966
1091,388,2024-09-22,5.0,9.9,966
1092,388,2025-02-08,4.0,17.8,477
1093,388,2025-09-14,5.0,9.5,561
1094,390,2025-04-06,2.0,4.7,821
1095,390,13/05/2025,3.0,9.1,406
1096,390,2025-12-07,2.0,1.7,445
1097,390,2025-12-22,3.0,7.9,750
1098,391,2025-08-19,3.0,2.4,661
1099,391,2025-08-30,4.0,10.4,79
1100,391,2025-10-26,4.0,,916
1101,391,2025-10-31,3.0,5.0,419
1102,391,2025-11-13,5.0,20.3,943
1103,391,24/12/2025,5.0,15.9,4
1104,393,2025-07-06,3.0,3.0,688
1105,393,2025-08-14,3.0,3.0,59
1106,393,01/12/2025,2.0,14.9,379
1107,394,2025-10-11,3.0,10.4,506
1108,394,2025-11-17,3.0,13.7,870
1109,396,2025-09-29,2.0,3.3,29
1110,396,10-10-2025,3.0,13.0,781
1111,397,2024-03-09,3.0,0.0,973
1112,397,2024-06-01,3.0,7.9,638
1113,397,2025-04-18,,11.5,391
1114,397,2025-07-02,4.0,30.1,874
1115,397,2025-11-14,4.0,6.3,99
1116,398,2024-04-07,4.0,19.7,767
1117,398,2025-11-14,4.0,17.0,644
1118,398,2025-11-23,5.0,13.5,483
1119,399,2022-09-12,4.0,9.1,468
1120,399,2022-10-06,4.0,7.3,613
1121,399,2023-06-11,5.0,21.8,510
1122,399,2023-11-17,5.0,7.4,749
1123,399,2024-03-29,5.0,7.3,730
1124,399,2025-02-20,5.0,17.6,717
1125,399,2025-08-21,5.0,7.7,138
1126,400,2022-06-29,2.0,15.5,115
1127,400,2023-07-23,2.0,15.7,844
1128,400,2025-03-16,2.0,16.2,602
1129,402,07-24-2025,3.0,8.2,640
1130,403,22/06/2025,3.0,11.2,109
1131,403,2025-09-08,3.0,,487
1132,403,2025-10-12,4.0,1.2,300
1133,403,2025-10-24,3.0,31.1,896
1134,404,2024-02-19,2.0,8.9,596
1135,404,2024-06-16,2.0,11.1,933
1136,404,2024-07-26,2.0,10.1,710
1137,404,2025-06-28,2.0,20.4,560
1138,406,2024-05-16,2.0,4.0,201
1139,406,2025-11-18,2.0,4.3,823
1140,407,2025-03-09,5.0,12.0,303
1141,407,2025-11-29,5.0,0.0,847
1142,407,2025-12-18,5.0,18.0,311
1143,408,15/08/2022,3.0,16.9,684
1144,408,06-Oct-2023,3.0,13.1,402
1145,408,2025-08-14,4.0,2.4,904
1146,409,2024-02-05,4.0,17.4,109
1147,409,2025-06-29,3.0,16.5,846
1148,411,2024-05-02,2.0,12.7,356
1149,411,2024-06-23,3.0,9.2,971
1150,411,2024-07-13,3.0,13.9,755
1151,411,2024-10-16,3.0,0.0,832
1152,411,05/02/2025,3.0,2.8,882
1153,411,2025-12-25,3.0,12.6,740
1154,412,2025-08-10,,16.2,592
1155,412,2025-09-13,1.0,20.6,962
1156,412,2025-10-20,1.0,0.0,610
1157,412,2025-11-10,3.0,13.5,481
1158,412,2025-11-17,3.0,5.2,659
1159,412,2025-11-18,1.0,25.4,135
1160,412,12-13-2025,2.0,15.9,543
1161,413,2022-12-17,5.0,9.3,953
1162,413,2024-06-09,5.0,24.8,435
1163,414,2024-08-21,2.0,19.5,878
1164,414,2024-10-24,1.0,21.0,166
1165,414,2024-12-06,1.0,20.1,802
1166,414,2025-02-08,2.0,11.2,493
1167,414,2025-03-20,2.0,10.0,894
1168,415,25-Jul-2025,2.0,10.4,610
1169,415,2025-10-29,4.0,22.4,917
1170,416,2024-12-20,2.0,14.1,729
1171,416,2025-05-24,3.0,10.9,647
1172,417,2024-08-03,3.0,15.6,798
1173,418,05/11/2023,2.0,5.3,996
1174,418,2025-06-27,3.0,24.2,790
1175,419,2024-07-30,4.0,2.1,403
1176,419,2024-12-07,4.0,14.3,536
1177,419,2025-08-14,4.0,24.7,475
1178,420,2025-10-18,4.0,28.4,930
1179,420,2025-10-23,4.0,9.7,419
1180,420,2025-12-13,5.0,18.6,303
1181,421,01-Jun-2024,2.0,12.7,547
1182,421,2025-07-06,3.0,10.8,810
1183,422,2025-01-16,3.0,5.5,273
1184,422,2025-04-01,2.0,12.9,40
1185,422,2025-06-06,3.0,16.2,595
1186,422,2025-08-09,3.0,1.3,443
1187,422,2025-11-16,3.0,20.4,111
1188,423,2025-08-29,3.0,8.5,452
1189,423,2025-10-12,3.0,7.0,791
1190,423,10-28-2025,3.0,5.0,646
1191,423,03/11/2025,5.0,17.4,859
1192,424,2025-03-23,4.0,23.6,117
1193,425,2023-04-15,1.0,14.7,430
1194,425,2024-07-27,2.0,20.9,974
1195,425,2025-07-09,2.0,,224
1196,426,2024-02-21,3.0,9.6,157
1197,426,29/02/2024,4.0,14.0,121
1198,426,2024-10-13,3.0,29.2,36
1199,426,2024-10-16,4.0,18.2,603
1200,426,2025-02-26,5.0,0.0,104
1201,427,2025-08-14,4.0,18.6,888
1202,427,2025-11-25,4.0,9.8,187
1203,427,12-02-2025,4.0,1.8,444
1204,427,2025-12-20,4.0,19.3,630
1205,428,2024-07-20,5.0,,808
1206,428,2025-04-05,5.0,15.2,517
1207,428,09-Apr-2025,5.0,14.0,714
1208,428,2025-05-15,4.0,3.8,855
1209,428,2025-06-10,4.0,9.4,853
1210,428,2025-11-01,4.0,15.3,245
1211,430,29/03/2025,4.0,14.5,830
1212,430,2025-04-18,4.0,21.6,831
1213,431,2025-06-08,3.0,20.1,67
1214,431,2025-06-14,3.0,21.0,579
1215,431,2025-06-16,4.0,16.6,423
1216,431,2025-07-30,3.0,12.8,816
1217,431,2025-08-27,3.0,8.0,530
1218,431,2025-12-16,4.0,4.3,179
1219,431,2025-12-29,4.0,10.8,312
1220,432,2023-01-24,4.0,6.5,909
1221,432,2023-05-16,2.0,9.2,48
1222,432,2023-10-01,2.0,20.5,46
1223,432,2025-01-08,2.0,6.6,441
1224,432,2025-06-20,3.0,18.0,485
1225,432,2025-12-04,2.0,16.7,570
1226,433,2025-12-09,3.0,4.7,162
1227,433,2025-12-30,3.0,0.0,470
1228,435,2022-10-07,4.0,20.1,309
1229,435,2022-12-16,2.0,18.4,742
1230,435,2024-05-11,2.0,19.3,731
1231,435,2024-08-25,2.0,9.1,480
1232,435,2025-07-24,3.0,6.7,826
1233,435,2025-11-11,4.0,19.2,991
1234,436,30-Oct-2023,3.0,20.2,634
1235,436,2023-12-28,2.0,2.2,847
1236,436,2024-03-24,4.0,17.9,970
1237,438,2024-04-06,3.0,0.0,703
1238,438,2024-07-06,2.0,15.3,366
1239,439,09-09-2024,,21.7,900
1240,439,2025-04-16,5.0,14.7,802
1241,440,13-Sep-2024,5.0,3.7,28
1242,440,2024-12-31,5.0,11.4,500
1243,440,2025-01-04,5.0,12.2,703
1244,441,2024-05-17,5.0,11.3,442
1245,441,2024-06-28,5.0,20.0,656
1246,441,2024-09-03,5.0,0.1,712
1247,441,2025-05-10,5.0,23.5,695
1248,443,2024-07-26,4.0,2.2,52
1249,443,2024-08-31,3.0,0.2,33
1250,443,2025-01-12,3.0,21.0,267
1251,443,2025-01-28,4.0,9.0,336
1252,443,2025-03-16,4.0,5.6,384
1253,443,2025-08-22,5.0,12.1,481
1254,444,2024-07-20,3.0,16.7,820
1255,444,2024-11-09,4.0,24.8,344
1256,444,12-04-2024,3.0,20.7,634
1257,444,2025-04-06,3.0,7.1,187
1258,444,2025-05-18,3.0,3.2,154
1259,444,2025-11-06,3.0,,156
1260,444,2025-11-28,4.0,2.1,883
1261,445,2022-10-07,1.0,3.1,950
1262,445,12-16-2022,2.0,9.6,814
1263,445,16/05/2023,3.0,7.6,355
1264,445,2024-10-27,4.0,0.0,739
1265,446,2023-01-29,2.0,18.3,305
1266,446,2024-02-23,3.0,9.3,279
1267,446,18/12/2024,3.0,18.5,139
1268,446,2025-02-10,2.0,14.5,654
1269,446,2025-12-05,3.0,7.1,58
1270,448,2023-10-29,4.0,5.3,520
1271,450,2024-03-11,3.0,2.0,216
1272,451,2025-10-15,2.0,3.5,969
1273,452,2023-10-13,2.0,,388
1274,452,2024-03-07,3.0,14.9,752
1275,452,2025-10-15,3.0,9.2,953
1276,453,2025-05-14,4.0,12.3,288
1277,453,24/05/2025,3.0,28.9,855
1278,453,2025-06-20,3.0,21.8,742
1279,453,2025-09-03,4.0,7.4,440
1280,453,2025-09-11,3.0,3.7,428
1281,453,2025-09-24,4.0,25.9,538
1282,453,2025-12-10,4.0,13.2,484
1283,453,2025-12-29,4.0,12.6,658
1284,453,2025-12-29,5.0,14.3,811
1285,454,2025-12-14,3.0,6.4,124
1286,454,2025-12-31,2.0,0.0,819
1287,455,03/07/2023,4.0,10.8,128
1288,455,2024-11-18,3.0,0.0,83
1289,455,2025-06-13,3.0,5.8,979
1290,456,2024-04-29,4.0,14.7,151
1291,456,2025-03-28,5.0,1.1,241
1292,456,2025-05-18,4.0,1.6,42
1293,457,2025-01-03,5.0,23.9,714
1294,457,2025-05-10,4.0,0.0,352
1295,458,23-Dec-2024,3.0,12.4,624
1296,458,03-04-2025,3.0,17.9,553
1297,458,2025-03-21,4.0,3.1,3
1298,458,2025-05-16,3.0,18.8,766
1299,458,2025-07-05,3.0,14.4,761
1300,458,2025-10-16,3.0,28.0,691
1301,458,2025-11-24,3.0,21.2,648
1302,459,2024-07-01,1.0,26.3,687
1303,459,2025-05-15,1.0,13.5,426
1304,460,2024-11-07,3.0,1.2,852
1305,460,2025-07-27,4.0,20.2,231
1306,461,2023-05-31,5.0,17.9,557
1307,461,21-Jan-2024,5.0,6.5,386
1308,461,2024-02-12,5.0,11.9,885
1309,461,19-Feb-2024,5.0,15.1,65
1310,461,25-Jun-2025,5.0,6.5,702
1311,461,2025-07-25,5.0,17.2,29
1312,462,2024-01-12,5.0,8.7,244
1313,462,2024-02-21,5.0,16.2,879
1314,463,2024-08-20,2.0,25.4,373
1315,463,2025-08-02,2.0,7.1,26
1316,463,2025-08-08,1.0,21.0,895
1317,464,2024-09-12,3.0,25.4,851
1318,464,2025-03-25,2.0,19.3,242
1319,465,2025-03-06,2.0,9.2,497
1320,465,08-13-2025,2.0,19.2,564
1321,465,2025-08-28,3.0,2.9,199
1322,467,2025-11-28,4.0,17.6,712
1323,467,2025-12-12,4.0,20.9,273
1324,467,27/12/2025,4.0,0.0,407
1325,467,2025-12-29,4.0,13.4,7
1326,469,2025-10-06,5.0,20.9,572
1327,469,2025-12-28,4.0,10.1,149
1328,470,2024-07-19,3.0,2.3,310
1329,470,2025-01-23,4.0,17.6,16
1330,470,08/10/2025,4.0,6.5,759
1331,471,2025-09-25,3.0,19.4,878
1332,471,2025-10-21,3.0,7.6,310
1333,471,2025-11-21,3.0,0.0,948
1334,472,2023-07-25,,0.0,320
1335,472,2024-02-21,4.0,5.2,292
1336,473,2024-02-17,3.0,26.5,191
1337,473,2024-03-12,2.0,11.2,90
1338,473,2024-11-29,2.0,8.0,228
1339,473,07/12/2024,3.0,14.8,175
1340,473,2024-12-16,3.0,22.5,242
1341,473,2024-12-29,3.0,10.8,598
1342,473,2025-01-30,3.0,5.9,959
1343,473,2025-03-10,2.0,10.3,185
1344,473,2025-07-24,3.0,2.0,636
1345,473,2025-10-04,3.0,8.9,383
1346,474,2023-01-31,4.0,8.9,41
1347,474,28/06/2023,3.0,,783
1348,474,09-02-2023,4.0,9.8,199
1349,474,03-08-2025,3.0,13.5,138
1350,474,2025-09-26,5.0,11.1,823
1351,475,2024-10-05,3.0,7.9,402
1352,476,07/07/2025,2.0,12.0,471
1353,476,30-Sep-2025,3.0,1.4,154
1354,476,2025-11-11,3.0,10.0,388
1355,476,2025-11-25,5.0,13.8,685
1356,477,2024-05-10,2.0,0.0,675
1357,477,2025-03-11,3.0,31.9,78
1358,477,2025-08-06,3.0,9.3,747
1359,478,12-10-2025,1.0,5.6,635
1360,479,24/07/2025,2.0,20.3,220
1361,479,09/10/2025,3.0,20.4,953
1362,479,2025-10-12,3.0,13.0,696
1363,479,2025-12-30,5.0,20.6,64
1364,480,2022-12-10,2.0,13.5,90
1365,480,2024-05-10,3.0,15.7,405
1366,480,2024-10-02,2.0,1.8,682
1367,480,2025-09-13,1.0,18.1,916
1368,481,03-Jul-2025,3.0,18.6,85
1369,481,2025-09-14,4.0,4.0,616
1370,481,2025-10-17,4.0,8.4,965
1371,481,2025-12-17,3.0,19.3,249
1372,481,2025-12-23,5.0,,11
1373,482,2025-01-09,3.0,22.1,799
1374,482,2025-03-22,4.0,0.9,34
1375,483,2023-04-29,3.0,18.2,600
1376,483,2024-11-18,3.0,18.5,63
1377,483,2025-12-24,3.0,28.3,791
1378,484,2023-12-09,2.0,8.5,233
1379,484,2025-01-01,2.0,19.8,114
1380,484,2025-09-21,2.0,15.1,81
1381,485,2025-06-06,4.0,6.7,191
1382,485,2025-08-29,4.0,0.8,282
1383,485,2025-09-20,5.0,10.2,111
1384,485,2025-09-29,2.0,15.2,161
1385,485,2025-10-13,5.0,,523
1386,485,2025-11-09,4.0,5.0,399
1387,485,2025-12-09,4.0,21.7,947
1388,488,2023-04-20,3.0,8.6,717
1389,488,2025-01-17,4.0,16.0,255
1390,489,2024-06-13,2.0,7.1,56
1391,489,2024-12-22,3.0,4.5,99
1392,489,2025-07-19,4.0,12.9,962
1393,490,25/11/2025,4.0,3.0,825
1394,490,22-Dec-2025,5.0,6.8,902
1395,491,2025-11-22,3.0,2.8,619
1396,493,2023-06-29,2.0,6.9,600
1397,493,2023-08-13,2.0,5.6,183
1398,493,2023-08-24,3.0,8.1,708
1399,493,2024-01-30,2.0,11.2,897
1400,494,2025-03-03,5.0,19.1,811
1401,494,2025-03-11,4.0,0.0,878
1402,495,2025-10-06,4.0,21.5,29
1403,496,26-Oct-2025,1.0,12.7,410
1404,496,2025-11-08,1.0,4.3,443
1405,498,2024-07-30,4.0,17.8,711
1406,498,2024-11-01,,18.3,132
1407,498,2025-04-22,3.0,6.5,138
1408,498,2025-12-12,3.0,10.5,54
1409,499,2025-09-27,4.0,1.3,692
1410,499,2025-10-24,3.0,4.7,285
1411,499,2025-11-19,4.0,26.8,839
1412,499,2025-12-17,4.0,15.1,554
1413,502,2023-05-19,1.0,15.5,565
1414,502,2025-03-06,2.0,15.4,193
1415,503,2025-01-18,4.0,18.2,823
1416,503,21/07/2025,3.0,12.0,902
1417,504,2025-08-26,4.0,15.3,706
1418,505,2023-11-03,4.0,13.3,225
1419,505,2024-05-01,4.0,0.0,181
1420,505,2025-02-26,5.0,2.9,825
1421,506,2025-02-16,3.0,6.0,726
1422,506,2025-03-08,5.0,11.4,495
1423,507,2025-07-13,2.0,18.0,754
1424,507,2025-09-07,4.0,15.2,63
1425,507,2025-10-13,3.0,17.6,799
1426,507,2025-10-27,2.0,12.4,353
1427,508,2024-10-18,3.0,13.3,40
1428,508,2024-10-29,2.0,12.2,566
1429,508,2024-12-18,2.0,14.5,424
1430,508,06-09-2025,3.0,9.3,117
1431,508,16/06/2025,1.0,15.7,828
1432,508,2025-08-12,4.0,,979
1433,511,2024-11-03,1.0,17.4,3
1434,511,2025-01-05,3.0,16.2,539
1435,512,05-04-2025,3.0,18.3,941
1436,513,2025-07-09,3.0,7.9,349
1437,513,2025-08-01,3.0,11.8,230
1438,515,2023-11-05,2.0,10.0,159
1439,515,02-08-2024,2.0,1.6,928
1440,515,2024-06-29,3.0,5.0,61
1441,515,2024-09-22,2.0,14.6,911
1442,515,06-26-2025,2.0,0.0,913
1443,515,11-29-2025,2.0,0.6,708
1444,519,2025-12-03,4.0,2.8,476
1445,520,2023-12-21,4.0,12.0,229
1446,520,2025-11-24,3.0,0.0,442
1447,521,2025-10-06,4.0,11.4,785
1448,521,2025-11-27,3.0,12.7,384
1449,523,2024-11-30,2.0,10.3,324
1450,523,2025-06-20,2.0,8.2,490
1451,524,2023-11-28,2.0,11.3,192
1452,524,20-Mar-2025,3.0,7.8,809
1453,524,2025-11-16,2.0,6.3,907
1454,527,2025-04-26,5.0,19.6,161
1455,527,2025-06-14,4.0,22.3,616
1456,527,2025-07-24,4.0,14.4,2
1457,527,2025-09-08,4.0,17.3,717
1458,527,2025-10-29,4.0,,269
1459,528,2025-03-08,2.0,16.3,764
1460,529,2025-12-25,5.0,12.7,976
1461,530,09/10/2025,3.0,13.8,775
1462,531,2023-05-19,4.0,0.0,147
1463,531,24-May-2023,3.0,17.4,937
1464,531,2025-06-11,4.0,14.1,88
1465,532,2024-04-25,3.0,13.7,393
1466,532,2024-05-16,3.0,17.0,501
1467,532,2024-09-05,3.0,8.4,95
1468,532,2024-10-23,4.0,17.2,396
1469,532,2025-05-19,3.0,25.7,934
1470,532,2025-07-08,4.0,20.0,707
1471,532,2025-12-29,5.0,10.8,487
1472,534,24/10/2024,2.0,18.9,55
1473,534,2025-09-13,3.0,12.1,155
1474,536,2022-07-04,2.0,16.9,428
1475,536,2022-09-27,2.0,11.2,166
1476,536,2023-02-08,3.0,8.5,100
1477,536,03-23-2023,2.0,,17
1478,536,2023-12-07,3.0,16.3,548
1479,537,2023-06-24,4.0,11.9,212
1480,537,2024-01-08,3.0,14.7,855
1481,537,24/12/2024,3.0,0.0,192
1482,538,2024-10-02,3.0,7.6,89
1483,538,2025-07-16,4.0,13.3,312
1484,538,2025-10-19,5.0,7.6,727
1485,538,2025-10-29,4.0,10.0,232
1486,539,2023-08-16,4.0,10.4,549
1487,539,2024-04-08,3.0,3.4,828
1488,540,2023-05-28,1.0,11.3,93
1489,540,2024-06-02,2.0,0.0,694
1490,540,2024-06-17,2.0,9.1,71
1491,540,2024-11-16,1.0,8.3,724
1492,541,24/08/2025,1.0,0.0,494
1493,541,09-22-2025,2.0,9.6,842
1494,541,2025-10-08,2.0,14.0,237
1495,541,21-Dec-2025,2.0,26.3,82
1496,542,12-13-2025,,22.3,582
1497,542,2025-12-16,3.0,5.3,554
1498,542,2025-12-23,4.0,10.2,532
1499,542,2025-12-27,3.0,0.0,484
1500,543,2024-02-09,4.0,17.2,216
1501,543,2024-05-28,4.0,8.0,937
1502,543,2025-03-02,3.0,11.6,966
1503,543,2025-03-13,3.0,6.0,997
1504,543,2025-05-21,4.0,0.0,767
1505,544,2023-09-17,3.0,24.0,874
1506,544,2023-12-29,3.0,15.2,238
1507,544,2024-06-11,2.0,6.8,520
1508,545,2025-08-13,2.0,12.3,687
1509,546,2024-05-01,3.0,6.4,517
1510,547,14/06/2022,4.0,12.5,760
1511,548,2025-02-04,4.0,24.9,15
1512,548,2025-11-28,5.0,19.2,760
1513,549,2024-04-14,1.0,16.1,162
1514,549,06-Feb-2025,1.0,17.3,736
1515,549,2025-04-12,1.0,3.8,472
1516,549,2025-06-03,1.0,9.7,898
1517,550,2025-04-01,5.0,15.5,755
1518,551,2024-07-14,4.0,21.1,802
1519,551,2025-09-25,3.0,8.5,378
1520,551,2025-12-03,2.0,5.0,153
1521,552,2024-04-09,2.0,9.6,633
1522,552,18/08/2024,2.0,0.0,68
1523,552,2025-03-25,3.0,20.8,193
1524,552,2025-09-26,1.0,15.0,938
1525,552,2025-12-11,3.0,25.4,537
1526,553,2025-10-09,3.0,18.2,316
1527,553,2025-12-16,4.0,15.2,972
1528,555,11-21-2023,5.0,11.7,472
1529,555,2024-01-16,5.0,7.0,643
1530,555,2024-05-01,5.0,15.5,665
1531,555,2025-09-14,4.0,10.2,268
1532,556,2023-10-25,3.0,28.4,829
1533,556,2024-04-16,1.0,27.8,716
1534,556,2025-06-04,2.0,19.7,125
1535,557,12-13-2025,3.0,24.5,597
1536,558,2024-09-28,1.0,10.2,688
1537,558,12-21-2024,2.0,9.1,229
1538,558,2025-01-19,3.0,11.4,211
1539,558,04-09-2025,1.0,6.9,267
1540,559,2023-01-20,2.0,10.2,382
1541,559,2023-10-21,4.0,6.8,735
1542,559,2024-04-03,3.0,9.8,570
1543,560,2024-04-17,3.0,16.1,812
1544,560,2025-02-05,4.0,30.0,340
1545,560,2025-12-02,3.0,17.9,937
1546,561,02-Jun-2024,3.0,9.0,538
1547,561,28/07/2024,,3.9,621
1548,561,2025-11-13,4.0,11.1,156
1549,562,2025-12-06,3.0,32.8,455
1550,562,2025-12-23,4.0,28.0,99
1551,562,12-29-2025,4.0,,2
1552,563,2024-10-22,4.0,8.5,250
1553,563,2024-12-13,4.0,4.2,83
1554,563,2025-04-23,4.0,14.9,348
1555,563,07-04-2025,4.0,14.0,617
1556,563,2025-07-17,4.0,18.9,856
1557,563,2025-11-26,4.0,23.1,647
1558,564,2025-06-19,1.0,17.3,691
1559,564,2025-09-01,2.0,6.6,844
1560,564,2025-11-23,2.0,15.7,407
1561,565,2025-02-25,5.0,0.0,257
1562,565,04-29-2025,5.0,8.3,512
1563,565,2025-08-12,5.0,0.0,885
1564,565,2025-10-07,5.0,,508
1565,565,12-03-2025,5.0,11.4,997
1566,566,2024-04-27,4.0,14.1,231
1567,566,2024-08-25,5.0,0.0,378
1568,566,2024-11-30,5.0,11.9,195
1569,566,2025-03-17,5.0,12.1,133
1570,566,2025-04-01,4.0,3.1,282
1571,566,21/05/2025,5.0,17.3,483
1572,566,2025-06-03,5.0,15.4,537
1573,566,2025-06-29,5.0,,82
1574,566,2025-07-10,4.0,0.0,828
1575,567,2024-03-12,4.0,1.3,12
1576,567,2025-11-21,2.0,9.7,868
1577,568,2025-08-23,1.0,8.9,998
1578,568,2025-08-24,2.0,10.1,623
1579,568,2025-09-01,3.0,9.3,533
1580,568,2025-11-11,2.0,14.1,583
1581,569,2025-10-13,4.0,24.8,262
1582,570,2025-11-29,1.0,26.6,595
1583,570,2025-12-16,2.0,2.1,787
1584,571,2025-12-09,2.0,7.4,91
1585,571,2025-12-13,3.0,8.0,826
1586,571,20/12/2025,1.0,10.2,993
1587,571,2025-12-24,1.0,3.6,893
1588,571,2025-12-29,2.0,13.2,906
1589,572,12-03-2025,3.0,17.6,713
1590,573,09-13-2024,2.0,9.0,695
1591,574,2023-02-18,3.0,9.9,398
1592,575,2025-07-05,2.0,0.0,731
1593,575,2025-08-18,2.0,8.8,630
1594,575,2025-11-10,1.0,17.1,20
1595,576,2024-02-23,1.0,17.5,350
1596,576,2024-10-09,3.0,7.7,119
1597,576,2024-10-16,3.0,17.9,614
1598,576,25/05/2025,2.0,8.6,708
1599,576,2025-10-14,3.0,13.9,386
1600,577,2024-11-19,3.0,0.0,894
1601,577,2025-09-09,3.0,0.0,186
1602,578,2024-01-20,2.0,17.7,768
1603,579,2024-10-19,5.0,4.5,979
1604,579,2025-04-19,3.0,11.2,436
1605,579,2025-09-27,3.0,19.8,67
1606,580,2025-02-20,4.0,13.0,15
1607,580,2025-08-30,4.0,11.4,118
1608,580,2025-10-17,4.0,11.5,491
1609,581,2024-01-18,3.0,12.9,994
1610,581,2024-08-26,4.0,2.6,328
1611,581,2024-10-09,3.0,12.4,166
1612,582,2024-11-02,4.0,12.3,864
1613,582,2025-03-25,5.0,0.0,939
1614,583,2023-03-11,3.0,2.6,224
1615,583,2025-02-14,2.0,6.7,64
1616,583,2025-11-18,2.0,25.6,392
1617,584,2025-05-06,3.0,19.2,845
1618,585,03/03/2023,3.0,17.0,198
1619,585,2024-02-23,4.0,14.0,349
1620,585,2025-01-03,4.0,13.3,547
1621,585,2025-09-19,5.0,19.7,670
1622,585,2025-10-06,3.0,10.6,578
1623,585,2025-12-30,4.0,12.4,574
1624,587,2023-10-23,3.0,18.4,166
1625,588,19/02/2024,2.0,22.2,683
1626,588,2024-07-01,3.0,7.2,617
1627,588,2024-10-24,3.0,18.5,951
1628,589,19-Mar-2025,2.0,6.7,938
1629,590,2024-09-16,1.0,0.0,71
1630,590,2024-12-04,1.0,2.1,925
1631,590,2025-01-09,1.0,17.3,733
1632,590,2025-01-19,1.0,22.1,956
1633,591,2024-06-10,4.0,7.8,612
1634,591,2025-05-18,,11.7,382
1635,592,10-15-2025,3.0,2.3,137
1636,592,2025-10-24,4.0,10.6,251
1637,593,2025-06-17,3.0,15.7,426
1638,593,2025-07-11,2.0,16.1,581
1639,594,2024-12-10,,17.0,565
1640,594,2025-03-18,3.0,10.9,529
1641,594,31-Jul-2025,3.0,4.9,812
1642,594,2025-08-05,2.0,15.4,200
1643,594,2025-10-08,3.0,14.1,673
1644,594,2025-12-27,4.0,15.1,952
1645,595,2025-08-07,3.0,5.0,816
1646,595,2025-08-11,1.0,11.4,162
1647,595,2025-08-19,3.0,9.4,779
1648,596,2024-03-13,3.0,23.4,236
1649,596,2024-11-29,4.0,15.4,947
1650,597,2023-10-24,4.0,0.0,526
1651,597,2024-11-13,4.0,9.8,562
1652,597,2024-11-18,4.0,14.0,696
1653,597,2025-01-19,5.0,24.1,280
1654,597,2025-11-15,4.0,18.2,146
1655,598,2025-01-17,2.0,23.7,385
1656,598,2025-07-18,1.0,19.3,742
1657,598,2025-12-04,3.0,6.0,640
1658,599,2025-12-16,3.0,2.9,289
1659,599,2025-12-19,3.0,0.0,952
1660,599,2025-12-19,4.0,21.6,364
1661,600,2024-11-17,1.0,26.7,534
1662,600,2025-01-13,3.0,14.3,268
1663,600,2025-06-07,2.0,22.6,19
1664,601,07/08/2024,1.0,21.1,958
1665,601,2024-10-10,2.0,22.7,613
1666,601,2025-03-29,,10.3,412
1667,601,2025-05-24,1.0,19.2,307
1668,602,2024-12-18,3.0,20.6,1
1669,602,2025-01-28,3.0,0.0,428
1670,602,04/04/2025,4.0,19.6,403
1671,604,2023-12-21,2.0,14.8,349
1672,604,2024-05-23,2.0,16.9,222
1673,604,2025-01-01,2.0,15.8,166
1674,604,2025-03-17,3.0,8.5,528
1675,604,03-20-2025,3.0,33.7,194
1676,604,2025-08-04,2.0,10.0,407
1677,605,14/02/2024,2.0,7.5,972
1678,605,2024-10-03,3.0,17.7,567
1679,605,2025-09-26,3.0,20.2,31
1680,605,2025-11-10,4.0,10.7,76
1681,606,2023-07-08,2.0,18.6,856
1682,606,2025-01-21,3.0,12.2,554
1683,606,2025-02-11,3.0,18.0,502
1684,608,2024-08-11,5.0,10.1,745
1685,608,2024-10-13,4.0,20.5,194
1686,608,2024-10-28,5.0,14.0,747
1687,608,2025-10-25,3.0,11.7,18
1688,608,2025-11-19,5.0,7.1,943
1689,609,2024-08-05,3.0,17.7,37
1690,610,2024-09-25,3.0,20.3,643
1691,610,2025-03-11,2.0,8.4,663
1692,610,2025-04-18,3.0,7.0,350
1693,610,2025-09-01,4.0,7.8,459
1694,610,2025-10-30,4.0,4.6,908
1695,611,2025-07-06,5.0,28.2,682
1696,611,2025-12-22,4.0,21.2,208
1697,612,2023-07-30,2.0,20.1,752
1698,612,16-May-2024,2.0,1.7,49
1699,612,2024-06-07,1.0,9.9,79
1700,612,2024-09-25,3.0,22.6,559
1701,612,2025-02-06,3.0,20.0,842
1702,613,2022-08-25,3.0,9.3,111
1703,613,08-30-2024,4.0,0.0,906
1704,613,2025-07-08,3.0,8.8,873
1705,614,2024-09-17,5.0,7.8,966
1706,615,08-Apr-2024,3.0,19.4,707
1707,615,2024-11-11,2.0,,424
1708,615,2025-04-24,2.0,19.6,607
1709,616,2025-10-28,3.0,10.1,801
1710,616,2025-12-05,2.0,20.3,989
1711,617,2024-05-04,2.0,0.0,839
1712,617,2025-02-20,1.0,15.5,318
1713,617,2025-07-25,1.0,26.9,48
1714,618,2023-12-24,3.0,12.0,37
1715,618,14/04/2024,4.0,6.2,242
1716,618,2024-08-11,3.0,13.5,827
1717,618,2025-05-12,4.0,12.9,124
1718,618,24/05/2025,4.0,14.1,525
1719,619,2025-10-20,4.0,7.6,542
1720,620,19-Jul-2024,2.0,0.0,398
1721,620,2025-03-11,3.0,15.3,230
1722,620,2025-03-20,2.0,15.3,187
1723,620,2025-08-29,3.0,1.6,169
1724,621,2025-09-15,3.0,10.4,417
1725,621,2025-09-25,3.0,7.5,878
1726,621,08-Nov-2025,2.0,13.3,946
1727,622,2023-09-08,3.0,25.8,433
1728,622,22-Sep-2023,4.0,16.4,418
1729,623,2024-03-06,3.0,0.0,510
1730,623,2024-06-03,3.0,6.8,646
1731,623,2024-07-29,3.0,11.7,588
1732,623,2024-09-05,4.0,14.2,674
1733,623,2024-10-15,4.0,9.5,138
1734,623,2025-02-07,4.0,14.8,912
1735,624,2023-05-12,3.0,22.3,179
1736,624,2023-06-06,3.0,1.4,981
1737,624,2025-11-24,3.0,11.9,548
1738,625,2025-12-03,4.0,9.4,254
1739,626,2024-03-07,2.0,15.5,76
1740,626,2025-01-03,3.0,11.4,21
1741,627,2025-05-24,3.0,19.6,626
1742,627,2025-06-29,3.0,9.3,19
1743,627,2025-11-29,3.0,20.8,361
1744,628,06/01/2023,5.0,3.5,272
1745,628,2025-06-11,4.0,27.0,471
1746,631,2025-01-21,5.0,18.7,684
1747,631,2025-12-05,4.0,24.1,53
1748,632,2025-05-09,2.0,18.0,144
1749,632,2025-06-01,2.0,10.0,250
1750,632,2025-11-17,3.0,10.9,925
1751,633,2025-01-10,4.0,8.0,37
1752,634,2024-06-09,3.0,18.1,591
1753,634,2025-01-03,4.0,26.9,759
1754,634,2025-05-18,4.0,22.5,935
1755,635,2025-08-24,2.0,,273
1756,635,2025-09-10,4.0,22.4,203
1757,635,2025-09-22,3.0,6.4,268
1758,635,08/10/2025,4.0,13.2,811
1759,635,2025-10-11,4.0,9.1,659
1760,635,27-Nov-2025,5.0,32.9,395
1761,635,01-Dec-2025,4.0,,818
1762,636,2025-07-01,4.0,22.3,860
1763,636,2025-08-23,5.0,3.5,211
1764,636,2025-08-31,4.0,3.9,990
1765,636,2025-09-25,5.0,17.1,887
1766,636,2025-09-26,4.0,6.6,869
1767,636,2025-11-05,5.0,19.2,489
1768,636,2025-12-28,5.0,8.6,213
1769,637,2024-06-11,2.0,12.9,747
1770,637,2024-07-13,1.0,4.6,8
1771,637,2025-01-11,2.0,13.6,279
1772,637,2025-01-15,2.0,18.3,468
1773,637,2025-02-10,3.0,5.8,102
1774,638,2024-08-20,2.0,18.0,832
1775,638,2024-09-13,2.0,13.0,903
1776,638,09-Jun-2025,2.0,28.9,156
1777,639,2025-05-23,3.0,15.6,292
1778,640,2023-09-17,2.0,8.2,375
1779,640,01-16-2025,2.0,,254
1780,641,2023-03-20,3.0,9.6,649
1781,641,2023-08-19,2.0,13.4,539
1782,641,2023-08-29,2.0,10.2,827
1783,642,2025-08-23,3.0,13.7,13
1784,642,2025-10-13,4.0,20.8,771
1785,642,12-30-2025,4.0,9.3,4
1786,643,2024-08-13,2.0,20.8,680
1787,643,2024-09-21,4.0,12.2,740
1788,643,2024-10-11,3.0,2.3,515
1789,643,2024-11-06,3.0,19.7,105
1790,643,2024-11-08,4.0,0.1,549
1791,643,2025-06-09,4.0,5.3,507
1792,643,2025-11-03,3.0,19.8,752
1793,645,2023-08-17,3.0,20.7,396
1794,645,09-18-2024,3.0,19.1,357
1795,645,2024-10-11,2.0,9.9,427
1796,646,2024-02-20,3.0,12.2,46
1797,646,2025-02-25,2.0,10.2,506
1798,646,2025-05-03,4.0,3.3,39
1799,647,2025-12-10,4.0,2.0,707
1800,647,2025-12-22,5.0,15.7,242
1801,647,2025-12-26,4.0,12.5,656
1802,648,2025-01-19,2.0,6.9,784
1803,648,2025-11-02,2.0,10.7,948
1804,650,2024-05-14,2.0,8.8,760
1805,650,2024-10-19,3.0,4.0,270
1806,650,23/10/2024,4.0,18.0,439
1807,650,2024-11-08,2.0,0.0,759
1808,650,2025-01-14,2.0,17.5,170
1809,650,2025-02-14,3.0,11.1,130
1810,650,2025-03-03,2.0,4.8,157
1811,650,2025-03-09,3.0,3.9,698
1812,650,2025-06-01,6.0,22.6,549
1813,651,2025-06-03,4.0,16.9,782
1814,651,2025-08-23,5.0,3.4,947
1815,651,2025-12-30,4.0,20.6,415
1816,652,2024-10-12,5.0,11.5,58
1817,652,2025-04-10,5.0,19.8,626
1818,653,2025-11-07,3.0,18.7,802
1819,653,2025-12-23,3.0,20.1,929
1820,654,2024-07-13,2.0,10.9,662
1821,654,2024-10-13,2.0,13.3,158
1822,655,2025-04-09,3.0,22.9,111
1823,656,2025-07-02,3.0,7.8,569
1824,656,2025-09-16,3.0,15.0,101
1825,657,28/05/2024,3.0,11.7,104
1826,659,2025-03-19,4.0,5.4,806
1827,659,2025-06-30,3.0,9.5,890
1828,659,2025-11-03,5.0,,380
1829,660,2025-01-25,3.0,18.1,60
1830,660,2025-05-28,3.0,15.8,319
1831,660,2025-11-10,2.0,0.4,977
1832,661,2025-02-23,3.0,11.1,446
1833,661,2025-05-02,3.0,11.4,8
1834,661,2025-08-20,3.0,19.5,566
1835,661,2025-11-26,1.0,8.5,257
1836,665,2025-06-11,1.0,13.9,378
1837,665,2025-09-10,2.0,22.8,278
1838,667,2025-02-13,2.0,8.1,763
1839,667,28-Mar-2025,3.0,9.5,718
1840,667,2025-06-01,2.0,,927
1841,668,2024-12-13,4.0,18.8,378
1842,668,27/03/2025,3.0,34.0,439
1843,668,2025-04-01,3.0,6.0,936
1844,668,2025-07-11,3.0,24.1,899
1845,669,2025-03-17,1.0,26.0,18
1846,669,2025-05-04,1.0,11.0,47
1847,669,2025-06-16,2.0,4.9,84
1848,669,2025-07-10,2.0,18.4,773
1849,670,2025-09-16,5.0,0.0,184
1850,670,2025-10-10,4.0,11.1,628
1851,670,2025-11-27,4.0,9.5,27
1852,671,2023-11-13,2.0,24.3,366
1853,671,2024-01-18,3.0,11.2,27
1854,671,2024-08-14,3.0,,495
1855,671,2025-07-24,1.0,14.8,441
1856,672,05/12/2025,3.0,,24
1857,672,2025-12-05,3.0,13.1,101
1858,672,2025-12-12,2.0,8.0,152
1859,673,2024-08-18,3.0,17.6,607
1860,673,2024-10-25,4.0,10.2,308
1861,673,2024-11-22,2.0,12.3,228
1862,673,2025-01-11,4.0,4.3,262
1863,673,2025-10-19,4.0,22.7,179
1864,674,2025-04-18,3.0,,26
1865,675,2022-12-02,4.0,14.8,690
1866,675,2023-03-20,4.0,28.6,614
1867,675,2024-02-10,4.0,2.5,561
1868,675,07-May-2025,4.0,13.9,670
1869,676,2024-07-02,4.0,10.4,475
1870,677,2025-03-16,3.0,1.0,525
1871,677,2025-12-19,3.0,38.8,487
1872,678,2024-02-24,3.0,15.6,296
1873,679,2023-10-21,1.0,1.7,153
1874,679,2024-03-01,1.0,12.2,213
1875,679,2024-09-28,1.0,24.9,41
1876,679,2025-05-15,1.0,12.6,735
1877,679,2025-07-01,1.0,15.2,720
1878,680,2024-05-19,3.0,15.2,653
1879,680,26/09/2024,3.0,22.4,218
1880,680,2024-12-26,4.0,5.3,400
1881,680,20-May-2025,2.0,14.9,754
1882,680,2025-06-26,2.0,7.1,71
1883,681,2025-01-14,5.0,19.2,478
1884,681,2025-05-10,5.0,10.5,261
1885,682,2024-12-07,4.0,13.9,214
1886,682,09-15-2025,3.0,5.5,762
1887,682,2025-10-19,3.0,17.3,888
1888,683,02-Jan-2024,2.0,0.0,329
1889,683,2025-02-16,2.0,23.6,547
1890,684,07/06/2024,1.0,9.7,651
1891,684,2024-11-01,3.0,0.0,755
1892,684,2024-11-01,3.0,2.9,634
1893,684,2024-11-11,2.0,8.8,585
1894,685,29-Oct-2025,2.0,2.3,323
1895,685,26/11/2025,3.0,29.8,277
1896,686,2024-01-28,4.0,20.1,255
1897,686,2024-08-06,5.0,6.4,432
1898,687,2023-01-16,4.0,20.8,296
1899,688,2025-04-04,3.0,13.6,505
1900,688,09-Sep-2025,3.0,31.7,131
1901,689,2022-05-03,4.0,9.5,525
1902,689,2023-08-23,3.0,3.6,302
1903,689,07/12/2023,5.0,24.8,572
1904,689,2025-05-10,3.0,29.4,775
1905,690,2025-10-09,2.0,8.6,437
1906,690,2025-11-25,3.0,15.2,872
1907,691,2023-06-28,3.0,1.0,372
1908,691,2023-09-08,2.0,23.9,765
1909,691,2024-04-18,4.0,23.3,828
1910,691,06-30-2024,4.0,16.6,907
1911,691,2024-07-03,3.0,4.7,707
1912,692,2022-10-13,2.0,0.0,593
1913,692,2024-08-22,2.0,0.0,197
1914,692,07-Sep-2025,3.0,15.1,255
1915,693,2025-10-27,1.0,10.5,700
1916,693,2025-12-06,4.0,11.0,50
1917,693,2025-12-09,2.0,0.0,104
1918,693,2025-12-28,2.0,16.3,335
1919,694,2025-01-06,3.0,9.2,542
1920,694,2025-06-29,3.0,10.9,559
1921,695,2022-05-12,3.0,14.5,534
1922,695,2023-06-27,3.0,6.0,296
1923,695,2024-04-04,5.0,15.0,341
1924,695,2024-10-02,5.0,29.2,279
1925,695,2025-07-26,4.0,12.2,356
1926,696,22-Jul-2025,3.0,8.5,919
1927,696,2025-10-11,2.0,12.7,724
1928,696,2025-12-28,3.0,15.3,677
1929,697,21/06/2023,2.0,19.4,495
1930,697,2023-10-18,2.0,8.7,48
1931,697,2024-05-20,2.0,0.0,867
1932,697,20/08/2024,3.0,6.4,888
1933,697,2025-11-02,2.0,8.7,943
1934,698,2025-10-03,3.0,25.1,908
1935,698,12/11/2025,3.0,33.1,64
1936,698,2025-11-28,3.0,28.5,623
1937,698,2025-12-05,4.0,14.9,567
1938,699,2024-07-02,4.0,21.0,242
1939,699,26/09/2024,4.0,30.5,932
1940,699,04-Aug-2025,3.0,4.0,321
1941,700,2025-05-08,2.0,26.0,844
1942,700,2025-05-20,4.0,7.8,539
1943,700,2025-07-24,2.0,10.4,243
1944,701,16/11/2025,4.0,8.0,31
1945,701,2025-11-20,4.0,0.0,187
1946,703,2024-11-15,5.0,6.5,269
1947,703,2024-11-15,4.0,10.2,650
1948,703,2025-05-29,3.0,16.1,503
1949,704,2023-07-12,1.0,10.3,934
1950,704,2023-09-23,1.0,5.5,283
1951,704,04-10-2025,1.0,11.6,182
1952,705,2025-05-02,3.0,4.8,247
1953,705,2025-07-22,2.0,24.0,645
1954,705,2025-09-24,2.0,12.7,207
1955,705,09/12/2025,2.0,6.5,439
1956,705,2025-12-18,2.0,4.1,590
1957,706,08-20-2023,4.0,18.1,557
1958,706,2024-05-24,4.0,9.0,231
1959,707,2022-12-13,4.0,14.5,898
1960,707,2023-08-14,3.0,0.0,106
1961,707,2024-06-05,3.0,0.0,127
1962,708,2024-11-05,3.0,,771
1963,708,2025-03-08,2.0,14.4,585
1964,708,2025-03-23,2.0,3.6,533
1965,708,2025-04-17,2.0,16.3,43
1966,709,2024-06-02,4.0,7.3,399
1967,711,2022-06-12,3.0,12.4,594
1968,711,2023-05-09,3.0,11.5,219
1969,711,07-Jan-2024,3.0,15.5,22
1970,711,2024-04-25,3.0,4.9,636
1971,711,2024-07-06,3.0,25.4,434
1972,711,2025-11-09,3.0,14.3,421
1973,712,2024-12-23,3.0,8.0,618
1974,712,2025-02-18,2.0,18.5,128
1975,712,24-Apr-2025,3.0,0.0,426
1976,712,11-30-2025,2.0,4.0,385
1977,712,2025-12-23,3.0,4.6,887
1978,712,2025-12-30,3.0,13.4,56
1979,713,2025-01-26,3.0,19.6,461
1980,713,2025-03-19,3.0,9.3,987
1981,713,2025-07-19,3.0,8.3,195
1982,715,2023-05-28,2.0,19.6,268
1983,716,2025-09-10,4.0,0.0,427
1984,716,06-Oct-2025,4.0,10.2,191
1985,716,17-Oct-2025,3.0,1.0,825
1986,716,2025-10-22,4.0,13.7,228
1987,717,2024-10-18,,18.0,83
1988,719,2022-09-24,5.0,11.7,703
1989,719,2023-03-10,5.0,17.6,77
1990,719,2023-07-03,5.0,16.5,736
1991,719,2025-09-06,5.0,11.5,48
1992,719,2025-10-30,4.0,8.9,569
1993,721,03/10/2023,5.0,13.2,556
1994,721,2023-12-21,4.0,20.0,501
1995,721,12-28-2023,4.0,5.7,483
1996,721,2024-04-01,4.0,2.9,196
1997,721,2025-07-21,4.0,5.3,951
1998,722,20/11/2025,2.0,7.9,991
1999,723,2023-04-10,3.0,11.1,910
2000,724,2025-01-18,5.0,2.3,804
2001,724,2025-08-17,5.0,12.8,842
2002,724,2025-09-13,5.0,0.0,529
2003,724,2025-10-14,5.0,8.9,97
2004,724,2025-11-04,5.0,6.6,880
2005,725,2024-08-16,4.0,17.0,946
2006,725,2025-01-16,4.0,25.3,464
2007,725,2025-02-05,4.0,13.6,940
2008,725,07/06/2025,4.0,21.5,12
2009,725,2025-09-01,5.0,2.7,711
2010,726,2024-11-06,4.0,17.1,522
2011,726,2025-01-08,5.0,9.6,677
2012,726,2025-02-05,4.0,12.6,520
2013,727,2024-02-10,4.0,12.3,612
2014,727,2024-04-07,2.0,12.9,556
2015,727,2024-07-26,4.0,,219
2016,727,2024-07-30,4.0,18.9,231
2017,727,2024-11-08,3.0,12.3,921
2018,727,01/12/2024,2.0,21.7,546
2019,727,03-26-2025,3.0,8.8,68
2020,728,2023-03-27,4.0,,621
2021,728,2023-06-16,3.0,4.1,765
2022,728,2024-02-03,4.0,7.0,46
2023,728,2025-03-13,4.0,7.3,111
2024,729,09-25-2025,4.0,17.5,313
2025,729,2025-10-23,4.0,7.2,205
2026,729,2025-11-04,5.0,8.5,611
2027,730,10-20-2024,4.0,17.7,386
2028,730,2024-12-10,5.0,5.5,987
2029,731,2025-07-22,3.0,19.8,616
2030,731,2025-11-06,2.0,31.2,534
2031,732,2025-02-15,5.0,11.9,528
2032,732,2025-02-25,5.0,17.3,897
2033,732,2025-06-14,5.0,8.9,289
2034,732,2025-09-14,4.0,8.7,255
2035,733,2025-11-15,4.0,0.0,183
2036,733,2025-11-28,4.0,5.0,377
2037,733,2025-12-20,4.0,9.6,739
2038,735,2025-12-28,2.0,17.5,13
2039,736,2023-09-16,2.0,6.7,790
2040,736,25/05/2024,2.0,6.4,238
2041,736,2025-10-01,1.0,0.0,683
2042,738,2025-06-20,2.0,16.0,585
2043,738,2025-08-03,2.0,26.5,424
2044,738,2025-10-20,4.0,8.3,157
2045,739,2024-09-12,2.0,21.0,187
2046,739,2024-09-21,3.0,21.1,861
2047,739,2024-12-16,3.0,10.4,231
2048,739,2025-11-20,3.0,15.5,37
2049,741,2025-08-14,2.0,21.8,115
2050,741,2025-09-22,1.0,21.7,935
2051,742,2025-11-30,2.0,13.2,623
2052,743,05-03-2024,3.0,0.0,235
2053,743,2024-06-24,2.0,3.2,520
2054,743,07-19-2024,3.0,7.2,364
2055,743,26/03/2025,3.0,22.8,332
2056,743,2025-04-15,3.0,17.4,707
2057,743,2025-07-18,3.0,3.0,373
2058,743,02-Sep-2025,3.0,17.0,373
2059,744,2025-08-28,2.0,14.3,869
2060,744,2025-09-08,2.0,5.8,693
2061,744,2025-09-09,3.0,29.4,948
2062,744,2025-11-12,2.0,17.8,386
2063,744,2025-11-14,3.0,8.2,959
2064,744,13/12/2025,4.0,5.3,892
2065,745,2025-05-31,1.0,15.7,142
2066,745,2025-06-17,3.0,18.0,303
2067,745,24/07/2025,1.0,7.1,314
2068,745,14/08/2025,3.0,24.6,233
2069,745,23/08/2025,2.0,7.4,422
2070,745,2025-11-26,3.0,11.4,507
2071,746,2023-11-20,2.0,5.8,92
2072,746,06-Aug-2024,2.0,34.7,89
2073,746,2025-03-19,3.0,6.7,17
2074,746,2025-08-22,4.0,16.3,514
2075,746,2025-11-01,3.0,6.3,42
2076,746,2025-11-09,2.0,11.7,55
2077,748,2025-12-15,1.0,8.1,909
2078,749,2023-04-27,4.0,22.5,915
2079,749,2024-07-09,4.0,18.5,283
2080,749,2025-12-06,3.0,21.3,633
2081,751,2023-08-24,2.0,13.0,265
2082,751,2024-03-15,3.0,13.7,866
2083,751,13/11/2024,3.0,2.1,977
2084,751,2025-09-27,2.0,20.0,539
2085,752,2024-06-10,3.0,11.2,273
2086,752,2024-09-11,3.0,18.9,144
2087,752,2025-10-01,3.0,19.3,381
2088,756,2023-10-21,4.0,20.1,347
2089,756,2024-10-05,4.0,7.5,763
2090,757,2025-08-11,4.0,11.4,958
2091,757,2025-09-11,2.0,19.3,72
2092,757,2025-11-09,2.0,0.0,7
2093,757,2025-11-21,3.0,5.3,372
2094,757,2025-12-15,3.0,12.4,795
2095,758,2023-09-25,1.0,16.9,367
2096,758,21-Nov-2023,2.0,3.4,420
2097,758,2024-06-24,1.0,0.0,353
2098,759,2024-01-10,3.0,4.5,979
2099,759,2024-01-31,3.0,10.5,264
2100,759,03-03-2024,2.0,0.0,197
2101,759,2025-01-27,4.0,11.6,869
2102,759,2025-09-13,4.0,21.3,315
2103,760,2023-05-23,3.0,13.4,633
2104,761,2023-03-29,4.0,26.8,936
2105,761,2023-04-03,4.0,5.5,810
2106,761,2023-04-04,4.0,18.4,74
2107,761,2023-04-16,3.0,16.0,823
2108,761,15/06/2023,5.0,5.1,136
2109,761,2024-01-23,,21.3,461
2110,761,2024-02-09,4.0,4.1,474
2111,761,2024-07-09,5.0,16.6,385
2112,763,2024-02-08,5.0,21.0,985
2113,763,2025-02-12,5.0,11.3,408
2114,764,2023-11-20,4.0,24.7,303
2115,764,20/03/2025,2.0,3.8,306
2116,764,2025-03-26,2.0,9.4,114
2117,764,2025-10-12,3.0,5.5,100
2118,764,2025-10-15,4.0,0.0,133
2119,765,2025-06-29,3.0,13.0,516
2120,767,2025-03-07,4.0,13.0,514
2121,768,2024-04-22,1.0,5.5,496
2122,768,2024-07-14,3.0,2.4,997
2123,768,2024-11-06,3.0,0.7,753
2124,769,2024-01-19,1.0,4.4,727
2125,769,2024-04-01,3.0,,637
2126,769,04-28-2024,3.0,12.6,263
2127,769,2024-07-17,2.0,22.2,57
2128,769,2025-03-12,3.0,2.9,676
2129,769,2025-08-08,2.0,25.9,760
2130,769,27/12/2025,3.0,0.0,908
2131,770,2024-09-18,1.0,,742
2132,770,03-27-2025,2.0,4.6,577
2133,770,2025-06-21,2.0,24.8,870
2134,771,2023-04-08,4.0,24.8,448
2135,771,28/05/2023,3.0,10.6,72
2136,771,2023-12-02,3.0,11.9,646
2137,771,2025-03-17,2.0,9.1,428
2138,771,2025-06-22,4.0,0.0,538
2139,772,11-17-2025,3.0,18.6,644
2140,772,2025-12-14,4.0,0.0,768
2141,772,25/12/2025,4.0,10.4,923
2142,775,2023-06-16,2.0,17.5,394
2143,775,2023-09-03,2.0,12.1,894
2144,775,2024-10-31,2.0,12.3,242
2145,775,2024-12-03,2.0,7.8,707
2146,775,2025-01-07,3.0,16.3,544
2147,775,2025-01-17,4.0,18.4,705
2148,776,2025-12-21,3.0,22.2,130
2149,777,2022-10-29,1.0,24.4,4
2150,777,2024-01-22,2.0,8.4,605
2151,777,2024-01-26,3.0,15.6,477
2152,777,08/04/2024,3.0,14.4,245
2153,777,2024-04-21,1.0,5.9,895
2154,777,2024-11-14,1.0,7.4,784
2155,777,2025-09-03,3.0,11.8,217
2156,777,2025-12-16,1.0,13.7,201
2157,778,2025-09-23,4.0,8.3,945
2158,778,2025-12-04,4.0,11.6,534
2159,779,2024-01-01,5.0,16.6,166
2160,779,06-29-2024,5.0,1.6,722
2161,779,2025-03-17,5.0,0.0,281
2162,779,2025-04-24,4.0,3.2,862
2163,780,12-01-2024,2.0,13.1,61
2164,780,2024-12-09,2.0,24.1,300
2165,780,2025-03-16,3.0,9.4,630
2166,780,2025-05-25,3.0,24.5,457
2167,780,2025-06-19,3.0,10.9,643
2168,780,13-Jul-2025,1.0,14.6,682
2169,780,2025-10-01,3.0,5.8,237
2170,780,2025-12-23,3.0,11.3,285
2171,781,2024-05-03,5.0,26.8,400
2172,781,2024-05-03,5.0,11.3,901
2173,781,2025-10-18,5.0,17.2,215
2174,783,2025-12-03,2.0,28.7,675
2175,784,2025-09-02,2.0,16.8,268
2176,784,2025-10-18,3.0,9.7,493
2177,785,2024-11-23,4.0,19.6,872
2178,785,22-May-2025,4.0,15.8,347
2179,785,2025-10-08,4.0,18.4,582
2180,786,2025-09-25,3.0,9.5,15
2181,786,2025-09-27,3.0,21.5,73
2182,786,2025-09-30,2.0,4.7,972
2183,786,16/10/2025,5.0,14.2,797
2184,787,2025-07-07,2.0,18.4,858
2185,787,2025-09-08,2.0,0.0,170
2186,788,2025-11-22,4.0,6.2,76
2187,789,2025-07-21,4.0,14.6,817
2188,789,2025-07-26,4.0,0.0,998
2189,789,2025-08-13,4.0,15.6,746
2190,789,2025-08-22,,0.0,575
2191,789,2025-09-30,3.0,18.0,540
2192,789,01-Oct-2025,3.0,18.6,422
2193,789,2025-10-19,4.0,9.9,394
2194,789,2025-11-15,3.0,5.6,34
2195,789,2025-11-16,5.0,22.1,521
2196,789,2025-11-18,4.0,21.1,673
2197,789,11-29-2025,5.0,11.9,566
2198,789,10/12/2025,4.0,7.3,178
2199,790,2025-12-07,4.0,13.4,243
2200,790,2025-12-10,4.0,13.9,962
2201,791,2023-07-14,2.0,16.7,253
2202,791,2023-08-13,4.0,6.8,673
2203,791,05-16-2024,3.0,13.5,600
2204,792,2024-06-04,2.0,0.2,699
2205,792,2024-06-11,2.0,14.8,815
2206,792,2024-09-13,3.0,,294
2207,792,12-Nov-2024,3.0,11.1,371
2208,792,2024-11-18,3.0,16.7,461
2209,792,2025-07-29,4.0,14.4,20
2210,792,2025-12-14,2.0,10.5,215
2211,792,2025-12-24,4.0,19.1,82
2212,793,18-Mar-2025,4.0,7.9,675
2213,793,2025-04-22,3.0,16.7,106
2214,793,2025-05-31,3.0,17.5,58
2215,794,2025-12-25,2.0,8.3,840
2216,794,2025-12-26,2.0,13.6,89
2217,795,2024-04-04,2.0,0.9,870
2218,795,2024-07-20,2.0,12.5,493
2219,795,2024-09-15,3.0,5.7,193
2220,795,19/11/2024,3.0,2.8,59
2221,795,06-04-2025,2.0,9.6,524
2222,795,09/12/2025,2.0,1.1,102
2223,796,2024-03-06,4.0,8.4,285
2224,796,2024-10-11,4.0,,185
2225,797,2023-12-15,1.0,22.3,450
2226,798,2025-11-19,3.0,13.1,449
2227,799,2025-09-13,2.0,11.7,851
2228,799,2025-09-13,2.0,11.4,777
2229,799,09-30-2025,3.0,13.8,384
2230,799,2025-12-26,4.0,13.9,885
2231,801,2023-11-04,3.0,11.1,962
2232,801,2025-04-27,2.0,15.8,453
2233,802,2025-05-19,3.0,11.4,6
2234,802,2025-06-07,3.0,3.7,69
2235,803,2025-10-22,3.0,10.0,715
2236,803,2025-10-31,2.0,11.6,269
2237,804,2025-09-05,5.0,14.7,460
2238,804,2025-09-11,5.0,23.6,544
2239,804,2025-09-27,3.0,21.9,93
2240,804,10-Oct-2025,5.0,0.0,982
2241,805,2025-04-19,5.0,20.5,76
2242,805,11-01-2025,5.0,0.0,431
2243,806,2024-07-01,2.0,20.1,652
2244,806,2024-07-19,1.0,15.5,689
2245,806,2024-08-27,2.0,19.1,951
2246,806,2025-10-01,2.0,7.4,96
2247,807,2024-12-31,3.0,1.3,802
2248,807,2025-05-30,3.0,,572
2249,807,2025-11-26,4.0,14.0,397
2250,809,07-20-2025,2.0,22.8,79
2251,809,2025-08-14,4.0,12.9,787
2252,810,2023-11-24,2.0,7.7,445
2253,812,2025-09-02,4.0,14.2,961
2254,812,09-12-2025,5.0,5.1,496
2255,812,2025-09-18,5.0,14.1,934
2256,812,05-Nov-2025,4.0,14.3,862
2257,812,2025-12-20,5.0,6.3,164
2258,813,2025-04-22,4.0,13.1,206
2259,813,2025-05-16,4.0,11.3,969
2260,813,2025-07-12,4.0,11.4,102
2261,813,2025-08-05,4.0,20.5,578
2262,813,2025-12-24,3.0,2.0,416
2263,814,2025-03-01,4.0,31.3,84
2264,815,2024-11-20,3.0,26.9,900
2265,815,2024-11-29,3.0,6.9,847
2266,815,05-Mar-2025,3.0,19.6,101
2267,816,06-21-2023,3.0,10.3,275
2268,816,2024-05-12,4.0,6.6,877
2269,816,2024-12-17,4.0,18.7,11
2270,816,2025-04-13,4.0,18.4,29
2271,816,2025-08-14,4.0,5.0,532
2272,817,2024-10-13,4.0,4.4,744
2273,818,2022-07-17,2.0,3.7,681
2274,818,2023-09-23,2.0,12.7,680
2275,818,15-May-2025,2.0,4.9,620
2276,819,2023-09-14,3.0,11.0,20
2277,819,2024-01-08,3.0,3.3,800
2278,819,2025-05-30,2.0,10.2,897
2279,821,12/06/2025,1.0,17.7,710
2280,821,17-Jul-2025,2.0,24.5,110
2281,821,2025-10-02,2.0,6.2,713
2282,821,2025-12-15,1.0,18.5,629
2283,822,22/08/2025,2.0,8.7,104
2284,822,2025-09-02,4.0,16.9,108
2285,822,2025-10-09,3.0,19.6,570
2286,822,2025-11-05,3.0,24.6,906
2287,822,2025-11-30,3.0,9.0,512
2288,822,09/12/2025,2.0,11.7,23
2289,822,2025-12-29,3.0,0.0,1000
2290,824,2024-08-15,3.0,23.5,931
2291,824,2025-05-05,4.0,17.7,268
2292,824,30/08/2025,4.0,0.0,711
2293,824,2025-09-11,4.0,20.3,599
2294,824,2025-11-11,3.0,18.0,953
2295,824,2025-11-15,3.0,12.2,698
2296,825,2025-09-22,3.0,9.5,433
2297,826,2023-04-13,5.0,8.1,434
2298,826,2025-08-18,3.0,13.6,903
2299,827,2025-03-22,1.0,0.5,484
2300,827,15/07/2025,1.0,18.1,51
2301,828,30-Dec-2025,4.0,25.6,539
2302,829,2025-07-11,3.0,17.7,832
2303,829,11/07/2025,4.0,8.4,851
2304,829,2025-08-12,3.0,0.0,560
2305,831,2022-12-13,4.0,,564
2306,831,02-19-2024,3.0,9.0,183
2307,831,2024-09-02,4.0,16.4,24
2308,831,2025-04-14,,22.6,207
2309,832,2025-12-18,,2.1,850
2310,832,2025-12-30,3.0,9.1,377
2311,832,2025-12-31,4.0,9.0,150
2312,833,2024-10-15,2.0,5.7,828
2313,833,2025-03-01,6.0,5.7,62
2314,833,2025-09-26,2.0,22.2,68
2315,834,2025-08-12,3.0,9.2,956
2316,834,2025-08-25,4.0,18.0,717
2317,835,2023-08-16,3.0,15.9,963
2318,835,02/06/2024,2.0,28.5,19
2319,835,2025-04-04,3.0,10.8,409
2320,836,2025-09-19,3.0,13.4,804
2321,837,2024-09-14,2.0,1.0,390
2322,837,2024-09-23,3.0,11.8,695
2323,837,2024-09-25,3.0,28.6,803
2324,837,2024-10-10,2.0,17.2,788
2325,837,2025-06-07,2.0,14.6,868
2326,839,09-14-2024,4.0,18.3,279
2327,839,2025-07-08,4.0,7.4,524
2328,839,2025-07-08,0.0,23.9,57
2329,839,2025-08-23,4.0,11.9,573
2330,840,2025-11-07,4.0,9.6,715
2331,840,12-04-2025,3.0,18.2,259
2332,841,2025-01-01,1.0,6.4,384
2333,841,2025-01-17,2.0,22.4,470
2334,841,12-Apr-2025,2.0,15.4,675
2335,842,09-06-2024,3.0,19.6,25
2336,842,2025-03-20,4.0,18.6,144
2337,842,2025-04-16,3.0,3.9,197
2338,842,2025-06-20,4.0,8.1,97
2339,843,2025-09-22,3.0,14.5,703
2340,843,26/09/2025,4.0,18.3,395
2341,843,2025-10-18,3.0,2.8,574
2342,844,12-12-2025,4.0,0.0,688
2343,844,2025-12-25,3.0,17.2,392
2344,844,2025-12-26,4.0,10.5,602
2345,844,30-Dec-2025,3.0,5.0,634
2346,845,2025-11-06,1.0,2.8,98
2347,845,2025-12-06,1.0,18.1,989
2348,846,2022-07-27,5.0,19.3,47
2349,846,2023-09-06,5.0,1.0,109
2350,846,2024-06-05,,1.5,433
2351,846,2025-01-18,5.0,10.4,561
2352,846,16/11/2025,5.0,7.8,300
2353,847,2023-12-24,2.0,13.3,150
2354,847,2024-10-07,3.0,8.3,173
2355,847,2025-07-19,3.0,2.4,750
2356,848,2025-07-29,2.0,29.1,179
2357,848,2025-09-21,4.0,13.4,227
2358,848,2025-12-22,3.0,19.2,532
2359,849,2025-09-10,1.0,0.0,629
2360,849,2025-10-04,2.0,9.7,694
2361,849,2025-11-30,2.0,10.4,979
2362,849,12/12/2025,2.0,6.1,194
2363,850,2023-08-22,4.0,,477
2364,850,03/11/2023,3.0,12.8,402
2365,850,2024-01-31,5.0,19.0,971
2366,850,2024-05-05,4.0,2.5,845
2367,850,2025-01-08,3.0,4.9,53
2368,850,2025-07-25,5.0,23.5,282
2369,851,2022-04-15,4.0,2.3,896
2370,851,2024-06-29,4.0,5.2,716
2371,851,2025-06-28,4.0,21.0,898
2372,852,2025-04-29,4.0,10.6,756
2373,853,27/07/2025,3.0,5.6,155
2374,853,2025-08-01,2.0,26.3,358
2375,853,07/10/2025,2.0,0.0,800
2376,853,2025-11-12,5.0,12.1,973
2377,854,11/08/2024,4.0,17.5,208
2378,854,2025-03-15,5.0,1.3,453
2379,854,2025-08-09,5.0,19.0,437
2380,854,2025-10-22,5.0,14.3,173
2381,855,2024-12-15,5.0,0.0,742
2382,855,2025-02-11,4.0,14.1,579
2383,856,01-16-2024,1.0,7.8,186
2384,856,2024-06-28,2.0,6.4,733
2385,856,01-08-2025,1.0,21.0,456
2386,856,2025-11-19,2.0,11.4,133
2387,857,2024-05-04,3.0,20.2,407
2388,857,2024-08-10,3.0,17.2,475
2389,857,2025-06-09,3.0,0.0,378
2390,857,2025-06-16,4.0,20.8,994
2391,858,2022-11-07,3.0,19.1,220
2392,858,2024-04-21,3.0,11.3,987
2393,858,2024-10-22,5.0,9.7,17
2394,858,2025-07-23,4.0,0.0,247
2395,859,2024-02-26,4.0,6.3,683
2396,859,2024-07-11,3.0,9.5,248
2397,860,05-Aug-2024,3.0,11.1,794
2398,861,2024-04-11,4.0,21.4,808
2399,861,2024-08-11,5.0,17.2,846
2400,862,2023-10-26,4.0,18.8,529
2401,862,2025-01-24,3.0,23.6,209
2402,862,2025-07-30,2.0,6.5,5
2403,862,2025-08-14,3.0,9.6,736
2404,862,2025-10-19,4.0,3.1,411
2405,863,2023-09-12,3.0,7.3,126
2406,863,2024-05-18,3.0,13.6,876
2407,863,2025-10-24,4.0,6.3,453
2408,864,2025-05-09,,3.4,153
2409,864,09-02-2025,2.0,3.3,598
2410,864,2025-11-13,2.0,15.4,306
2411,864,2025-12-18,3.0,6.0,139
2412,865,2025-08-19,2.0,12.9,738
2413,867,09-26-2024,2.0,2.1,599
2414,867,2025-06-27,3.0,13.5,960
2415,867,2025-09-09,3.0,15.2,72
2416,867,2025-11-22,3.0,3.2,440
2417,869,2025-02-14,2.0,16.1,711
2418,869,2025-06-17,2.0,19.7,631
2419,870,2024-06-15,2.0,0.0,37
2420,870,2025-11-03,3.0,11.1,276
2421,872,2025-12-12,2.0,10.0,933
2422,873,01-02-2025,2.0,18.0,2
2423,873,2025-11-07,3.0,,171
2424,874,08-Jul-2025,3.0,15.7,728
2425,874,12-Jul-2025,3.0,2.0,173
2426,874,2025-07-22,2.0,5.1,219
2427,874,2025-09-29,4.0,0.0,593
2428,874,18-Oct-2025,3.0,10.0,454
2429,875,2023-07-29,5.0,13.9,964
2430,875,2024-12-07,5.0,7.8,897
2431,875,2025-02-20,4.0,9.4,451
2432,875,22-Feb-2025,5.0,18.2,488
2433,875,09-19-2025,5.0,5.1,40
2434,875,2025-10-19,5.0,10.9,883
2435,875,2025-12-28,5.0,23.8,71
2436,876,2024-01-11,4.0,16.9,915
2437,876,2024-11-09,4.0,12.3,763
2438,878,2025-07-09,3.0,10.9,291
2439,878,2025-08-02,3.0,13.0,255
2440,878,2025-08-10,4.0,21.4,90
2441,878,11-17-2025,2.0,20.9,46
2442,879,2023-09-10,1.0,14.5,23
2443,879,11-14-2023,4.0,11.7,917
2444,879,2023-12-18,3.0,9.5,220
2445,879,2024-05-18,3.0,,414
2446,880,2025-06-12,2.0,11.1,669
2447,881,2023-10-16,2.0,11.0,37
2448,881,2024-06-06,3.0,13.1,603
2449,881,2025-12-24,2.0,10.3,189
2450,883,2025-03-11,3.0,12.6,843
2451,884,2025-12-02,2.0,10.6,270
2452,884,2025-12-10,2.0,12.7,151
2453,884,12-16-2025,2.0,20.2,509
2454,885,2024-03-15,4.0,1.0,967
2455,885,2024-06-09,4.0,18.5,559
2456,885,23/06/2024,3.0,16.6,63
2457,885,2024-09-27,4.0,4.4,243
2458,885,07-30-2025,4.0,13.5,796
2459,885,2025-07-31,4.0,4.1,286
2460,885,2025-10-15,5.0,0.0,193
2461,886,2024-04-03,3.0,16.4,843
2462,886,2024-06-19,2.0,18.9,555
2463,886,2025-01-07,2.0,12.9,802
2464,886,2025-06-14,3.0,13.9,564
2465,887,2023-10-25,4.0,8.0,885
2466,887,2023-11-11,5.0,6.2,810
2467,887,09/05/2024,5.0,7.1,563
2468,887,2024-08-09,5.0,24.5,136
2469,887,2024-09-02,5.0,19.4,947
2470,887,2024-09-17,5.0,4.5,506
2471,887,2025-07-18,5.0,12.7,653
2472,887,02/11/2025,4.0,17.0,367
2473,887,2025-12-16,5.0,20.0,703
2474,888,02/12/2025,4.0,13.0,829
2475,888,2025-12-16,,24.2,727
2476,889,2022-12-02,3.0,9.3,610
2477,889,2024-06-11,2.0,6.3,983
2478,889,2024-08-07,1.0,8.9,506
2479,889,2025-04-13,2.0,3.4,287
2480,889,2025-06-26,3.0,19.5,519
2481,890,2025-10-14,3.0,9.6,697
2482,891,2025-04-27,5.0,0.0,427
2483,891,2025-11-19,5.0,13.3,672
2484,892,02-28-2024,2.0,15.3,902
2485,892,2025-03-05,4.0,0.0,160
2486,892,2025-10-11,3.0,28.5,175
2487,893,2024-02-11,3.0,19.8,810
2488,893,01/03/2024,4.0,15.2,551
2489,894,2025-06-06,2.0,0.0,837
2490,894,2025-07-22,1.0,0.0,343
2491,894,2025-10-04,1.0,7.6,9
2492,895,2024-05-01,2.0,12.3,955
2493,895,2024-11-07,3.0,13.1,714
2494,895,2024-12-02,3.0,14.7,864
2495,895,2025-03-19,2.0,6.2,756
2496,895,2025-05-13,3.0,11.8,718
2497,896,2025-06-03,3.0,20.7,300
2498,896,2025-11-02,4.0,5.1,143
2499,897,2025-12-01,1.0,28.1,937
2500,897,2025-12-09,1.0,15.2,55
2501,897,2025-12-12,1.0,9.5,991
2502,898,2025-10-23,4.0,12.9,813
2503,898,2025-11-06,4.0,12.1,87
2504,899,2022-11-22,4.0,12.3,444
2505,899,2023-02-21,2.0,6.8,685
2506,899,20/03/2023,3.0,0.6,39
2507,899,04/08/2023,3.0,6.2,830
2508,899,05/04/2024,2.0,4.2,103
2509,899,2024-09-06,3.0,23.2,161
2510,900,2024-09-14,4.0,9.7,871
2511,900,2025-09-25,4.0,9.1,118
2512,900,2025-12-02,3.0,12.2,854
2513,901,2025-04-27,2.0,18.3,468
2514,901,2025-05-21,4.0,5.0,407
2515,901,2025-05-23,3.0,13.1,183
2516,901,26-Oct-2025,4.0,2.0,758
2517,903,2023-05-15,4.0,1.5,836
2518,903,2023-08-03,4.0,20.5,410
2519,903,2024-12-10,3.0,21.8,626
2520,903,2025-12-07,3.0,20.8,665
2521,904,11-23-2025,4.0,14.8,752
2522,904,2025-12-09,3.0,14.5,186
2523,904,29/12/2025,3.0,33.0,95
2524,905,2025-02-20,5.0,22.5,575
2525,906,2025-08-10,4.0,24.8,481
2526,907,2023-02-12,3.0,15.1,161
2527,907,2024-01-09,2.0,4.3,49
2528,909,2023-08-14,2.0,14.4,72
2529,909,26/08/2024,3.0,7.6,803
2530,910,2024-08-18,3.0,7.1,70
2531,911,2022-07-11,2.0,13.9,187
2532,911,23/01/2023,2.0,0.0,600
2533,911,2023-07-14,1.0,13.6,366
2534,911,2023-10-09,2.0,17.1,765
2535,911,2023-11-27,2.0,10.1,925
2536,911,2025-08-24,1.0,24.4,305
2537,912,2025-01-17,2.0,7.2,293
2538,912,2025-07-10,2.0,18.0,152
2539,912,2025-08-02,4.0,10.6,973
2540,912,2025-08-26,3.0,15.4,587
2541,912,2025-10-13,4.0,0.0,828
2542,912,2025-12-21,4.0,15.0,404
2543,914,2023-05-04,3.0,14.6,811
2544,914,2023-08-14,4.0,16.7,778
2545,914,2024-03-14,,13.0,469
2546,914,2025-05-27,3.0,10.5,930
2547,915,2024-10-08,4.0,11.7,70
2548,915,20/12/2024,4.0,12.1,538
2549,915,2025-10-06,4.0,7.1,883
2550,916,2025-07-05,1.0,9.7,503
2551,916,2025-07-12,1.0,12.9,38
2552,918,2024-02-17,2.0,24.5,274
2553,918,2024-11-11,2.0,17.0,399
2554,918,2025-03-19,2.0,0.0,146
2555,919,05-04-2025,1.0,0.0,216
2556,920,2024-02-24,2.0,23.7,295
2557,920,2024-08-07,1.0,0.0,750
2558,920,2025-12-20,3.0,8.2,363
2559,921,2023-04-17,3.0,18.3,205
2560,921,23-Apr-2023,3.0,,289
2561,921,2025-04-29,4.0,0.0,716
2562,921,2025-07-18,2.0,21.4,152
2563,921,21-Jul-2025,3.0,6.6,874
2564,922,2025-07-20,3.0,8.8,76
2565,923,2023-04-18,2.0,4.5,976
2566,923,11-28-2023,2.0,14.5,94
2567,924,22/04/2023,3.0,7.1,26
2568,924,2024-04-23,2.0,27.5,475
2569,925,2024-05-12,4.0,8.0,680
2570,925,2024-10-16,3.0,12.1,390
2571,925,2025-05-15,4.0,1.8,842
2572,925,2025-09-16,2.0,7.8,320
2573,925,2025-12-25,3.0,13.4,612
2574,926,2023-11-07,3.0,4.2,846
2575,927,2024-01-19,,26.1,531
2576,927,07-Mar-2024,3.0,8.4,832
2577,927,2024-07-23,4.0,2.4,228
2578,927,2025-05-29,2.0,,870
2579,927,2025-09-07,2.0,26.3,578
2580,928,2023-01-03,3.0,5.7,871
2581,928,05-03-2023,3.0,13.2,765
2582,928,2024-01-01,3.0,2.3,226
2583,928,2024-12-15,2.0,29.5,745
2584,929,10-14-2022,2.0,25.6,682
2585,929,2023-04-08,3.0,18.3,685
2586,929,2023-12-14,,17.3,583
2587,929,2024-02-18,4.0,0.0,137
2588,929,2024-02-19,3.0,1.1,132
2589,929,2024-10-19,4.0,1.4,851
2590,929,2025-03-18,3.0,10.1,131
2591,931,2025-04-25,2.0,14.1,456
2592,931,05/11/2025,3.0,5.3,818
2593,932,2024-11-25,1.0,25.2,432
2594,932,2025-10-30,1.0,9.1,742
2595,932,2025-11-27,1.0,5.3,905
2596,933,10-31-2025,4.0,14.4,871
2597,933,03/11/2025,3.0,11.7,514
2598,933,2025-12-02,3.0,11.3,928
2599,933,2025-12-04,4.0,9.4,974
2600,934,2024-09-28,4.0,13.9,270
2601,934,2025-04-18,4.0,6.1,121
2602,934,2025-11-21,4.0,17.6,273
2603,935,2025-12-16,4.0,2.9,653
2604,936,2025-06-05,2.0,6.0,806
2605,937,2025-05-29,2.0,8.2,419
2606,937,2025-07-25,3.0,13.7,939
2607,937,2025-09-30,2.0,3.9,405
2608,938,2022-11-09,2.0,16.9,861
2609,938,2023-01-24,1.0,12.2,93
2610,938,2023-11-04,3.0,9.4,143
2611,938,2025-04-26,2.0,26.4,750
2612,938,05-Jun-2025,2.0,13.2,943
2613,939,2025-01-11,3.0,4.5,363
2614,939,2025-04-05,4.0,10.4,957
2615,939,2025-04-22,4.0,0.0,972
2616,939,2025-07-05,4.0,6.2,506
2617,940,2025-11-13,2.0,27.1,730
2618,940,2025-12-12,3.0,13.8,489
2619,940,2025-12-16,4.0,14.0,635
2620,940,2025-12-19,3.0,10.6,280
2621,941,11-Nov-2025,2.0,8.0,365
2622,941,2025-12-04,2.0,4.2,429
2623,941,2025-12-18,3.0,14.7,288
2624,941,2025-12-20,2.0,3.8,388
2625,942,22/01/2025,6.0,0.0,508
2626,943,2025-04-17,1.0,19.6,988
2627,943,20/08/2025,3.0,3.2,589
2628,943,2025-09-09,2.0,6.3,732
2629,943,2025-10-24,1.0,3.0,96
2630,944,22-Mar-2023,3.0,4.6,939
2631,944,2023-11-16,2.0,8.5,599
2632,944,2024-05-03,2.0,5.5,783
2633,944,2024-11-04,2.0,,804
2634,944,2025-07-03,3.0,5.6,744
2635,945,2022-11-18,2.0,23.2,171
2636,945,2024-01-03,2.0,22.6,309
2637,945,2024-05-17,4.0,32.2,798
2638,946,2025-12-09,1.0,2.5,362
2639,946,2025-12-10,2.0,13.0,205
2640,946,2025-12-11,3.0,17.0,719
2641,946,2025-12-14,1.0,7.1,140
2642,946,2025-12-19,2.0,0.1,894
2643,946,2025-12-28,2.0,2.5,696
2644,946,2025-12-29,1.0,4.4,291
2645,947,28-Nov-2024,3.0,15.2,314
2646,947,2024-12-12,3.0,19.9,409
2647,947,18/05/2025,3.0,13.6,98
2648,948,28-Aug-2024,5.0,13.0,17
2649,949,2025-02-18,3.0,0.0,857
2650,949,2025-05-06,4.0,15.2,55
2651,949,22-Jun-2025,3.0,23.4,343
2652,949,2025-07-08,3.0,11.1,864
2653,949,2025-10-18,5.0,13.8,515
2654,949,2025-11-16,5.0,9.2,103
2655,949,2025-12-11,5.0,5.8,783
2656,950,10-06-2025,3.0,0.0,575
2657,950,2025-12-31,1.0,14.4,197
2658,951,2025-10-27,4.0,11.4,410
2659,951,2025-11-24,4.0,2.5,596
2660,951,2025-12-03,4.0,13.9,59
2661,951,12-11-2025,4.0,22.7,331
2662,952,2025-05-13,2.0,17.8,929
2663,952,06/09/2025,2.0,7.2,233
2664,952,09-21-2025,1.0,21.5,493
2665,952,2025-10-09,1.0,8.8,423
2666,953,2025-06-18,4.0,11.6,210
2667,954,12-Jan-2024,3.0,12.0,470
2668,954,2024-01-16,2.0,20.1,552
2669,954,2024-11-02,3.0,6.1,222
2670,954,2025-03-22,,5.4,784
2671,954,2025-07-22,2.0,2.0,262
2672,954,2025-09-04,3.0,11.0,94
2673,956,2024-04-15,3.0,0.8,992
2674,956,2024-05-04,3.0,9.2,924
2675,956,2024-05-18,5.0,0.0,605
2676,956,2025-03-30,4.0,10.7,340
2677,956,2025-08-20,5.0,3.5,61
2678,956,2025-10-05,5.0,8.0,674
2679,957,2024-07-10,2.0,0.0,332
2680,958,2024-05-18,5.0,21.0,282
2681,958,26/08/2024,4.0,12.7,39
2682,958,2024-10-29,5.0,16.1,129
2683,958,2025-02-09,4.0,7.7,743
2684,958,09/04/2025,5.0,23.6,716
2685,960,2025-08-07,3.0,21.9,992
2686,960,2025-09-08,3.0,7.0,746
2687,960,2025-11-26,2.0,,153
2688,961,2024-09-28,2.0,9.6,694
2689,961,2025-08-12,2.0,21.9,575
2690,961,2025-08-24,3.0,22.5,341
2691,961,2025-10-29,2.0,6.3,600
2692,962,2025-08-16,5.0,11.6,369
2693,962,2025-09-09,4.0,8.0,345
2694,962,2025-09-10,4.0,20.0,933
2695,962,2025-09-22,4.0,18.3,588
2696,962,2025-10-03,5.0,5.0,366
2697,962,2025-11-06,4.0,8.4,589
2698,963,2024-07-17,2.0,7.9,794
2699,963,2025-09-04,4.0,11.7,178
2700,963,2025-12-02,2.0,27.3,935
2701,964,2023-09-06,4.0,4.3,444
2702,964,18/10/2023,5.0,17.3,401
2703,964,2024-03-27,5.0,18.7,347
2704,964,18/09/2024,5.0,2.5,331
2705,964,2025-03-10,4.0,7.5,932
2706,964,2025-06-07,5.0,,821
2707,965,2025-07-03,3.0,13.5,121
2708,965,2025-08-16,1.0,8.7,559
2709,965,2025-09-27,3.0,5.7,89
2710,966,2024-06-16,2.0,15.1,210
2711,966,2024-10-05,3.0,20.4,133
2712,966,2025-10-10,3.0,4.4,562
2713,967,2022-10-08,4.0,12.2,711
2714,967,2023-05-15,5.0,8.2,364
2715,967,2023-12-01,3.0,15.5,206
2716,968,2024-10-12,2.0,1.7,274
2717,968,2024-12-17,3.0,19.8,999
2718,968,01-30-2025,3.0,16.0,847
2719,968,2025-03-28,4.0,18.3,713
2720,968,2025-06-08,3.0,3.0,726
2721,968,28/11/2025,3.0,18.3,638
2722,970,2024-01-30,2.0,4.3,482
2723,971,2025-01-01,4.0,,843
2724,972,2025-08-17,4.0,,347
2725,972,2025-11-14,3.0,5.8,76
2726,973,2024-11-22,4.0,9.9,65
2727,973,2025-02-28,5.0,2.4,102
2728,973,2025-06-28,0.0,14.9,886
2729,973,23-Nov-2025,5.0,27.7,972
2730,973,2025-12-05,4.0,10.9,881
2731,973,2025-12-13,5.0,13.0,302
2732,974,07-05-2024,2.0,18.3,511
2733,974,2024-11-30,2.0,18.8,183
2734,974,2025-11-18,2.0,0.0,389
2735,975,2023-03-14,3.0,0.0,15
2736,975,2023-03-20,3.0,0.0,178
2737,975,2023-11-13,4.0,13.5,126
2738,975,2025-03-26,4.0,15.5,384
2739,975,2025-04-26,4.0,9.7,214
2740,977,2024-03-22,4.0,15.1,372
2741,977,2024-09-05,4.0,20.6,334
2742,977,2024-10-29,4.0,28.5,643
2743,977,01-Feb-2025,3.0,11.9,599
2744,977,20/08/2025,3.0,9.9,614
2745,978,2024-10-22,4.0,17.4,230
2746,978,2024-12-27,4.0,12.6,91
2747,979,2025-12-22,5.0,13.2,681
2748,980,2023-09-03,2.0,17.6,156
2749,981,2022-09-17,4.0,0.0,994
2750,981,2022-12-14,4.0,23.2,740
2751,981,2023-06-07,5.0,16.2,920
2752,982,2024-05-28,4.0,5.8,203
2753,982,2024-10-03,3.0,21.9,262
2754,984,16-Nov-2024,4.0,12.5,389
2755,985,2023-03-10,4.0,21.4,849
2756,985,24-Aug-2024,5.0,17.2,620
2757,986,2023-10-01,4.0,9.1,81
2758,986,02-16-2024,4.0,3.2,343
2759,986,2024-04-03,4.0,0.4,233
2760,986,2025-03-29,5.0,6.2,607
2761,987,06-02-2025,3.0,11.0,15
2762,987,2025-06-11,5.0,,782
2763,988,2024-06-03,1.0,21.4,430
2764,988,2024-08-18,2.0,10.4,746
2765,988,2025-03-26,2.0,13.6,116
2766,988,2025-06-29,3.0,6.8,713
2767,989,2024-03-09,3.0,12.8,264
2768,989,2024-07-12,2.0,0.5,957
2769,989,2024-12-06,5.0,14.6,463
2770,989,2024-12-13,3.0,0.0,382
2771,989,2025-02-14,4.0,19.9,226
2772,989,2025-09-17,5.0,27.1,634
2773,989,2025-09-22,3.0,8.0,205
2774,989,31-Oct-2025,3.0,5.3,436
2775,990,2025-03-16,2.0,9.1,492
2776,990,02-Apr-2025,3.0,1.5,304
2777,991,2023-09-18,4.0,0.0,944
2778,991,29-Dec-2025,4.0,1.3,207
2779,992,16/01/2024,4.0,9.7,379
2780,994,10-Dec-2025,2.0,0.0,251
2781,994,2025-12-11,3.0,13.9,976
2782,994,2025-12-26,3.0,8.0,439
2783,995,2025-04-28,4.0,2.9,892
2784,995,2025-08-14,2.0,14.3,454
2785,997,2024-11-19,5.0,22.4,514
2786,997,2025-03-22,3.0,7.6,31
2787,998,2022-11-11,4.0,7.0,549
2788,998,2024-10-21,4.0,6.3,146
2789,998,2024-11-26,3.0,4.8,345
2790,998,2025-01-04,5.0,12.1,982
2791,998,05-11-2025,,16.2,336
2792,999,2024-04-09,4.0,18.5,245
2793,999,2024-12-20,4.0,11.0,519
2794,999,2025-08-10,5.0,12.9,437
2795,1000,06-12-2025,2.0,14.1,91
2796,1000,2025-09-13,2.0,,145
2797,1000,2025-12-18,4.0,10.5,204
